Recency,Frequency,Monetary,AvgOrderValue,UniqueProducts,PurchaseSpanDays
140,2,662.08,331.03999999999996,17,70
53,4,2411.82,602.955,195,154
8,3,534.12,178.04,35,245
112,1,308.68,308.68,18,0
9,3,469.0,156.33333333333334,57,197
7,1,301.71999999999997,301.71999999999997,19,0
25,6,2461.94,410.3233333333333,58,268
260,2,702.23,351.115,17,34
6,2,1312.06,656.03,20,102
66,4,1207.32,301.83,58,107
11,2,841.1899999999999,420.595,98,27
20,9,2365.42,262.82444444444445,177,171
49,3,372.4,124.13333333333333,23,177
81,4,1865.19,466.2975,94,218
262,3,876.0,292.0,1,40
38,1,151.98,151.98,9,0
176,1,123.1,123.1,12,0
51,1,356.0,356.0,6,0
7,1,48.480000000000004,48.480000000000004,2,0
14,7,1256.5,179.5,48,280
14,4,1793.58,448.395,94,154
252,1,178.95000000000002,178.95000000000002,10,0
169,1,122.91,122.91,42,0
22,1,260.63,260.63,19,0
88,2,188.02,94.00999999999999,12,93
10,10,4735.55,473.555,116,256
190,1,216.95000000000002,216.95000000000002,12,0
35,6,1773.8400000000001,295.64000000000004,20,227
213,1,154.99,154.99,14,0
217,1,296.25,296.25,9,0
217,1,363.65,363.65,19,0
15,1,267.8,267.8,16,0
3,2,534.24,267.12,9,22
6,1,635.6,635.6,40,0
91,1,203.85999999999999,203.85999999999999,34,0
295,1,692.94,692.94,30,0
18,1,1070.48,1070.48,9,0
226,4,576.9000000000001,144.22500000000002,28,70
10,13,2096.95,161.30384615384614,37,178
14,2,1268.2,634.1000000000001,24,281
0,10,4264.04,426.404,67,287
28,2,288.42,144.21,21,175
1,1,158.04,158.04,9,0
0,3,1298.04,432.68,34,224
147,1,143.45999999999998,143.45999999999998,5,0
302,1,155.52,155.52,2,0
111,2,298.08,149.04000000000002,77,88
204,8,7832.47,979.05875,97,97
262,3,2200.42,733.4733333333334,99,33
167,1,30.599999999999998,30.599999999999998,1,0
168,2,429.6,214.8,23,1
101,1,336.03000000000003,336.03000000000003,24,0
24,2,1156.36,578.18,54,197
58,1,4008.62,4008.62,219,0
34,1,126.39000000000001,126.39000000000001,9,0
114,2,647.7,323.85,30,76
295,1,590.0,590.0,1,0
24,3,295.5,98.5,5,146
3,1,544.08,544.08,13,0
239,2,426.79,213.395,43,58
67,1,147.12,147.12,3,0
218,2,500.55,250.275,19,82
141,2,977.77,488.885,57,0
74,2,402.56,201.28,36,7
132,2,172.29000000000002,86.14500000000001,6,0
121,1,457.34,457.34,26,0
263,1,73.5,73.5,5,0
29,2,541.51,270.755,33,120
102,2,404.3,202.15,25,17
45,2,961.26,480.63,13,14
161,1,335.0,335.0,19,0
41,5,404.58,80.91600000000001,13,211
129,2,300.95,150.475,14,33
142,6,632.27,105.37833333333333,36,153
167,1,168.4,168.4,33,0
42,4,864.96,216.24,25,259
53,2,465.68,232.83999999999997,25,64
7,3,1560.38,520.1266666666667,64,128
181,1,417.95,417.95,24,0
119,2,334.23,167.115,33,80
8,3,561.5699999999999,187.19000000000003,11,188
6,13,17340.62,1333.893846153846,51,289
34,4,449.52,112.38,11,189
25,6,3025.74,504.28999999999996,206,263
113,1,878.55,878.55,55,0
191,1,237.07,237.07,56,0
105,1,189.5,189.5,10,0
147,1,265.2,265.2,3,0
295,1,145.93,145.93,44,0
106,1,683.17,683.17,41,0
70,1,301.03,301.03,19,0
20,8,9695.82,1211.9775,92,150
191,1,517.55,517.55,21,0
163,2,765.55,382.775,58,101
21,3,1140.93,380.30999999999995,37,223
28,2,56.25,28.125,1,58
109,1,80.82,80.82,7,0
0,5,1634.77,326.954,74,161
95,4,1152.47,288.1175,48,192
231,2,934.52,467.26,126,67
65,2,540.21,270.105,31,96
49,2,645.47,322.735,38,148
36,5,1801.14,360.228,36,210
212,1,559.12,559.12,26,0
16,1,96.6,96.6,2,0
196,1,333.74,333.74,5,0
9,2,851.69,425.845,56,116
20,12,2271.04,189.25333333333333,238,277
15,4,559.41,139.8525,37,93
198,2,21.31,10.655000000000001,11,96
295,1,48.800000000000004,48.800000000000004,2,0
2,6,1785.65,297.60833333333335,32,298
266,2,401.9,200.95,10,29
255,1,248.42,248.42,30,0
10,10,3781.13,378.113,201,224
17,6,1065.84,177.64,8,170
2,1,228.31,228.31,20,0
11,10,3922.39,392.239,71,287
83,2,1705.8,852.9000000000001,75,99
8,3,4463.56,1487.8533333333335,56,174
80,3,258.88,86.29333333333334,39,154
105,1,113.06,113.06,7,0
1,6,1887.71,314.61833333333334,63,230
220,1,603.42,603.42,33,0
29,7,2926.14,418.02000000000004,163,260
105,5,1860.99,372.198,89,153
27,18,15619.6,867.7555555555556,8,210
302,1,311.81,311.81,22,0
93,3,316.11,105.37,18,171
113,3,531.63,177.21,33,187
240,1,117.85,117.85,8,0
0,1,238.25,238.25,19,0
8,1,646.57,646.57,32,0
8,5,773.74,154.748,37,160
7,8,2132.67,266.58375,83,182
123,1,207.15,207.15,12,0
165,3,853.93,284.6433333333334,44,135
294,1,254.03,254.03,13,0
90,4,1751.01,437.7525,81,137
302,1,225.7,225.7,6,0
1,4,1492.07,373.0175,49,132
94,3,846.59,282.19666666666666,60,111
193,1,113.5,113.5,5,0
16,2,489.51,244.755,62,55
7,1,159.0,159.0,6,0
6,1,1098.78,1098.78,49,0
83,1,225.95,225.95,13,0
7,4,1509.0,377.25,64,156
9,2,998.25,499.125,141,61
50,2,327.7,163.85,16,2
71,5,762.05,152.41,34,99
169,1,350.75,350.75,23,0
132,4,679.54,169.885,37,130
0,5,2039.25,407.85,65,261
44,9,1686.9,187.43333333333334,65,255
78,6,1672.81,278.8016666666667,103,205
10,4,1945.15,486.2875,56,233
37,5,1347.52,269.504,64,260
162,1,267.03,267.03,27,0
192,1,200.29,200.29,11,0
248,1,970.6,970.6,10,0
227,1,889.24,889.24,30,0
42,1,307.49,307.49,23,0
209,1,96.8,96.8,6,0
67,2,494.08,247.04,16,230
69,2,1234.78,617.39,161,117
41,1,135.95,135.95,5,0
63,2,790.97,395.485,20,70
140,4,826.14,206.535,29,157
118,3,3495.73,1165.243333333333,135,141
199,1,118.05,118.05,19,0
168,2,178.96,89.48,13,96
3,5,2076.7400000000002,415.34799999999996,119,220
3,7,2206.98,315.28285714285715,157,97
34,4,1423.96,355.99,64,159
27,6,1624.06,270.6766666666667,38,240
241,1,382.5,382.5,15,0
227,1,321.05,321.05,15,0
148,1,534.24,534.24,1,0
106,2,833.78,416.89,62,34
42,2,365.7,182.85,23,67
192,1,298.11,298.11,16,0
7,2,1233.56,616.78,52,107
35,1,138.14,138.14,9,0
44,3,539.13,179.71,83,242
86,5,1037.82,207.56400000000002,43,98
37,3,1338.77,446.25666666666666,46,97
162,1,232.9,232.9,2,0
62,1,337.44,337.44,14,0
13,18,5640.52,313.3622222222223,274,200
216,1,401.37,401.37,23,0
155,1,201.19,201.19,26,0
98,1,330.11,330.11,22,0
16,11,2501.02,227.36545454545455,99,279
62,5,757.6500000000001,151.53000000000003,28,182
3,26,13595.539999999999,522.9053846153846,44,256
91,3,1516.24,505.41333333333336,25,97
162,1,454.24,454.24,23,0
97,2,885.19,442.595,27,71
4,1,553.39,553.39,21,0
108,1,376.58,376.58,26,0
85,1,39.239999999999995,39.239999999999995,9,0
6,1,454.10999999999996,454.10999999999996,29,0
205,1,325.1,325.1,6,0
11,3,3536.82,1178.94,207,223
78,4,295.0,73.75,1,154
38,2,608.7900000000001,304.395,23,39
22,2,982.07,491.0350000000001,25,182
16,5,852.88,170.57600000000002,42,86
8,4,1334.18,333.545,79,278
114,6,1607.0600000000002,267.84333333333336,72,187
185,1,174.8,174.8,14,0
0,42,51527.06,1226.8347619047618,326,301
126,2,207.79999999999998,103.9,7,82
32,8,1936.84,242.105,153,251
3,2,605.12,302.56,43,261
13,1,13.3,13.3,3,0
167,2,511.36,255.68,21,49
43,5,1562.8700000000001,312.57399999999996,66,181
45,2,391.06,195.53,25,27
190,1,307.92,307.92,18,0
23,1,1134.69,1134.69,71,0
48,8,2439.38,304.9225,42,205
246,1,157.02,157.02,10,0
38,2,490.96,245.48,32,29
80,4,594.43,148.6075,52,109
126,1,271.85,271.85,4,0
46,1,193.75,193.75,10,0
114,1,307.72,307.72,21,0
212,1,317.15,317.15,7,0
15,1,252.1,252.1,13,0
7,7,2067.98,295.42571428571426,135,237
164,1,257.34,257.34,31,0
99,1,116.28000000000002,116.28000000000002,9,0
57,1,594.0,594.0,2,0
69,4,1316.63,329.1575,16,196
21,2,548.94,274.47,91,154
42,2,355.11,177.555,13,219
37,3,5072.88,1690.96,124,167
211,1,312.38,312.38,18,0
116,2,267.08,133.54,28,137
48,3,389.6,129.86666666666667,21,190
296,1,230.39999999999998,230.39999999999998,7,0
87,1,101.10000000000001,101.10000000000001,1,0
9,33,13303.37,403.1324242424243,55,293
0,10,2965.9900000000002,296.59900000000005,100,301
91,1,300.04,300.04,25,0
172,2,250.42,125.21000000000001,37,68
41,2,1618.28,809.14,63,88
245,1,268.8,268.8,8,0
301,1,341.9,341.9,10,0
38,4,1555.29,388.8225,109,168
7,4,1391.98,347.995,66,218
3,24,7580.150000000001,315.83958333333334,83,294
30,5,2939.21,587.842,125,213
16,5,1236.54,247.308,35,160
175,1,102.12,102.12,8,0
9,3,1349.3,449.76666666666665,57,230
7,3,1324.5,441.5,95,239
190,2,287.65000000000003,143.825,15,27
41,3,707.0,235.66666666666666,4,195
21,15,2167.68,144.51200000000003,48,160
18,3,1143.36,381.12000000000006,36,263
148,1,114.04,114.04,11,0
39,7,2419.59,345.6557142857143,81,219
10,35,1266.64,36.18971428571428,207,290
10,4,579.77,144.9425,74,166
21,9,3686.09,409.5655555555556,137,278
162,1,103.3,103.3,5,0
83,2,260.26,130.13,18,28
41,5,1220.26,244.052,46,172
13,1,271.11,271.11,24,0
211,2,348.05,174.025,19,85
29,5,1406.59,281.318,51,264
170,4,1047.11,261.7775,18,120
185,1,239.95999999999998,239.95999999999998,39,0
168,1,116.00999999999999,116.00999999999999,9,0
27,35,23409.34,668.8382857142857,27,272
125,3,2139.76,713.2533333333334,17,140
104,3,985.79,328.59666666666664,51,66
0,6,2640.7200000000003,440.11999999999995,146,267
295,1,478.89,478.89,30,0
41,2,95.5,47.75,8,63
7,1,777.2,777.2,36,0
77,3,2103.06,701.02,173,113
62,4,1424.8,356.2,66,167
84,3,855.0600000000001,285.02000000000004,18,51
27,3,972.35,324.1166666666667,57,185
242,1,199.6,199.6,25,0
35,2,425.0,212.5,21,157
2,27,5228.36,193.64296296296294,257,259
184,1,277.07,277.07,17,0
3,3,572.451,190.817,25,243
56,1,133.20000000000002,133.20000000000002,4,0
146,1,76.32000000000001,76.32000000000001,1,0
1,9,1358.08,150.89777777777778,72,295
0,2,518.28,259.14,7,196
177,1,282.88,282.88,2,0
43,11,3956.0,359.6363636363636,170,251
77,2,626.77,313.385,35,47
216,1,74.60000000000001,74.60000000000001,4,0
196,1,71.4,71.4,1,0
218,1,497.59,497.59,40,0
189,1,335.32,335.32,23,0
293,1,102.35000000000001,102.35000000000001,18,0
232,1,205.48,205.48,36,0
294,1,383.07,383.07,23,0
6,2,849.73,424.865,46,33
112,3,925.71,308.57,47,104
28,24,18261.65,760.9020833333334,40,273
181,2,291.34000000000003,145.67000000000002,17,114
94,2,433.74,216.87,20,31
14,1,334.53,334.53,56,0
35,1,17.0,17.0,1,0
301,1,127.08,127.08,21,0
151,1,383.45,383.45,17,0
10,1,75.75,75.75,5,0
16,2,758.92,379.46000000000004,55,176
189,1,357.53,357.53,73,0
13,4,1379.3,344.825,56,156
13,5,3029.87,605.9739999999999,64,197
2,3,751.04,250.34666666666666,132,254
67,5,4927.6,985.5200000000001,180,230
17,3,2398.86,799.6199999999999,40,165
100,2,1205.99,602.995,58,158
146,1,199.85000000000002,199.85000000000002,6,0
0,2,947.4,473.70000000000005,35,213
10,1,406.02,406.02,18,0
11,22,12721.03,578.2286363636364,138,286
7,9,3547.33,394.1477777777778,99,247
9,2,685.22,342.61,162,166
121,2,284.46000000000004,142.23000000000002,14,138
2,6,2466.86,411.1433333333334,85,223
71,7,5281.08,754.4399999999999,89,68
56,4,3871.4700000000003,967.8675,97,236
20,11,5639.34,512.6672727272727,188,164
62,1,520.8000000000001,520.8000000000001,23,0
28,10,2745.42,274.54200000000003,96,258
291,1,179.1,179.1,23,0
183,1,271.0,271.0,17,0
9,17,2847.6,167.50588235294117,69,292
3,2,551.04,275.52,19,294
300,1,230.25,230.25,14,0
301,1,326.0,326.0,16,0
28,1,207.35999999999999,207.35999999999999,1,0
17,5,1517.51,303.502,45,266
213,1,176.5,176.5,7,0
140,1,261.97,261.97,17,0
0,3,459.24,153.08,31,90
168,2,1345.62,672.81,52,0
45,5,1903.3300000000002,380.66600000000005,54,249
85,2,197.88,98.94,7,17
111,1,105.84,105.84,9,0
100,1,69.89999999999999,69.89999999999999,3,0
72,4,195.73999999999998,48.935,15,195
58,1,336.40000000000003,336.40000000000003,20,0
62,3,778.14,259.38,37,231
87,1,70.80000000000001,70.80000000000001,2,0
184,2,1078.96,539.48,71,36
73,3,1749.02,583.0066666666667,68,223
302,1,191.06,191.06,46,0
190,1,162.65,162.65,23,0
39,4,2250.1,562.525,232,259
49,2,309.86,154.93,20,121
34,1,231.10000000000002,231.10000000000002,12,0
35,3,1132.62,377.54,58,182
118,5,577.0600000000001,115.41199999999999,21,142
207,1,136.76999999999998,136.76999999999998,19,0
23,4,1037.59,259.3975,45,145
42,6,1885.8600000000001,314.31,82,245
14,2,1531.89,765.9449999999999,53,115
90,4,233.81,58.4525,74,105
14,1,1643.2,1643.2,26,0
91,6,3122.48,520.4133333333333,92,171
206,2,149.64,74.82,13,0
3,6,9286.7,1547.783333333333,585,27
9,5,2050.85,410.16999999999996,96,285
161,1,139.35,139.35,6,0
29,1,111.0,111.0,8,0
259,1,226.37,226.37,14,0
16,3,989.6700000000001,329.89000000000004,61,189
49,2,1021.58,510.78999999999996,55,176
66,3,675.51,225.17,32,193
0,5,834.27,166.85399999999998,45,147
8,8,1142.13,142.76625,56,252
4,1,400.68100000000004,400.68100000000004,15,0
291,1,169.47,169.47,32,0
1,19,5162.49,271.71,115,297
0,6,2059.4500000000003,343.24166666666673,40,297
21,3,810.22,270.0733333333333,15,95
55,1,233.22,233.22,11,0
2,5,2446.6,489.32000000000005,88,181
11,1,1708.24,1708.24,29,0
144,3,1110.52,370.17333333333335,87,153
147,5,1561.6100000000001,312.322,80,153
70,1,252.45,252.45,14,0
77,1,188.56,188.56,19,0
177,1,594.0,594.0,2,0
36,3,623.51,207.83666666666667,28,105
44,1,338.95,338.95,24,0
45,3,441.65,147.21666666666667,12,53
78,5,4952.1900000000005,990.4380000000001,161,216
174,1,484.95,484.95,28,0
2,2,1398.6100000000001,699.3050000000001,81,31
1,5,1544.13,308.826,28,266
17,6,2995.72,499.2866666666667,150,284
129,1,318.55,318.55,19,0
9,2,226.35,113.175,45,176
10,22,8799.21,399.9640909090909,165,289
69,3,207.73999999999998,69.24666666666666,10,20
168,1,139.05,139.05,9,0
16,7,2005.63,286.5185714285714,34,286
199,1,126.7,126.7,5,0
228,2,289.78,144.89,37,14
56,2,621.23,310.615,32,244
4,77,45649.16,592.8462337662338,557,294
241,1,219.52,219.52,19,0
17,6,1927.19,321.1983333333333,87,251
4,3,956.75,318.9166666666667,64,167
49,1,304.3,304.3,16,0
49,2,549.47,274.735,26,52
134,2,251.01999999999998,125.50999999999999,23,6
63,3,1304.81,434.93666666666667,19,164
3,5,1759.5,351.9,1,221
21,7,1083.83,154.83285714285714,110,160
44,3,871.9,290.6333333333333,39,130
114,1,247.44,247.44,18,0
178,1,535.34,535.34,37,0
86,2,416.08000000000004,208.04000000000002,17,137
15,12,11607.02,967.2516666666667,48,287
195,1,752.4300000000001,752.4300000000001,13,0
105,1,455.3,455.3,31,0
72,8,2660.0,332.5,107,223
20,3,380.05,126.68333333333334,34,0
24,10,1120.67,112.06700000000001,192,241
9,2,474.93,237.465,78,7
1,2,883.01,441.505,65,77
67,4,1828.73,457.1825,129,181
87,4,9000.960000000001,2250.2400000000002,15,213
7,5,1050.54,210.108,142,161
171,1,185.65,185.65,8,0
163,1,383.95,383.95,22,0
296,1,118.32,118.32,23,0
36,3,1314.45,438.15000000000003,29,118
76,3,1136.14,378.71333333333337,42,211
25,5,2727.83,545.566,112,44
133,1,448.83,448.83,29,0
209,2,218.06,109.03,29,0
234,1,409.93,409.93,83,0
248,1,155.0,155.0,8,0
302,1,390.79,390.79,59,0
21,2,877.4399999999999,438.71999999999997,4,23
135,2,451.81,225.90499999999997,87,160
56,2,730.86,365.43,34,181
15,11,1949.19,177.19909090909093,93,277
37,4,3485.03,871.2574999999999,169,220
52,4,2725.84,681.46,84,195
266,1,211.8,211.8,5,0
16,4,2148.08,537.02,73,124
288,1,201.20000000000002,201.20000000000002,10,0
15,7,4165.61,595.0871428571429,86,180
302,1,115.65,115.65,5,0
132,1,600.07,600.07,56,0
18,4,3859.3,964.8249999999999,23,283
185,1,135.09,135.09,28,0
78,2,159.85,79.925,8,20
165,4,932.85,233.21250000000003,45,115
182,1,31.770000000000003,31.770000000000003,3,0
301,1,353.19,353.19,56,0
247,1,302.58,302.58,8,0
1,1,379.14,379.14,18,0
51,5,800.27,160.054,111,209
163,2,480.94,240.47,35,84
8,1,311.69,311.69,20,0
28,14,4921.51,351.5364285714286,221,263
184,1,305.54,305.54,22,0
3,1,225.76,225.76,15,0
14,2,152.06,76.03,27,121
7,3,1126.85,375.6166666666666,57,240
72,4,2726.77,681.6925,67,82
73,5,14211.970000000001,2842.3940000000002,163,173
16,1,266.97,266.97,14,0
10,4,1993.8700000000001,498.4675,64,116
181,1,201.53,201.53,45,0
60,3,683.9,227.96666666666667,68,234
6,3,780.63,260.21,36,70
174,1,487.51,487.51,27,0
73,4,1592.66,398.165,95,228
161,2,698.55,349.275,36,127
43,12,3877.5200000000004,323.1266666666667,23,82
24,4,936.55,234.1375,54,208
76,1,187.92000000000002,187.92000000000002,28,0
225,1,76.32000000000001,76.32000000000001,1,0
13,1,419.58000000000004,419.58000000000004,4,0
6,2,909.26,454.63,59,16
119,2,112.19999999999999,56.099999999999994,4,0
266,1,236.02,236.02,37,0
32,4,801.49,200.3725,68,135
77,3,1571.49,523.83,72,133
1,40,180159.41,4503.98525,88,294
14,1,788.38,788.38,16,0
283,1,286.95,286.95,14,0
39,2,261.79,130.895,42,172
0,2,772.2,386.1,22,116
241,1,131.7,131.7,15,0
18,2,401.13,200.565,22,37
108,1,58.08,58.08,6,0
101,3,566.6,188.86666666666667,100,200
4,2,621.29,310.645,47,158
78,1,311.92,311.92,11,0
8,5,2122.23,424.446,220,170
66,4,591.55,147.88750000000002,53,185
87,3,3285.39,1095.1299999999999,211,159
223,1,311.55,311.55,17,0
3,1,348.99,348.99,21,0
226,1,3.75,3.75,1,0
17,1,309.05,309.05,7,0
57,4,963.88,240.97000000000003,44,71
11,4,847.4599999999999,211.86499999999998,81,285
221,1,535.32,535.32,75,0
191,8,2615.68,326.96,25,97
6,1,34.8,34.8,3,0
126,2,588.85,294.425,24,90
8,4,1240.11,310.02750000000003,54,104
56,8,2682.01,335.25125,84,246
155,1,524.52,524.52,60,0
58,1,500.24,500.24,6,0
190,1,396.87,396.87,24,0
3,1,487.74,487.74,28,0
13,1,410.48,410.48,23,0
190,1,329.56,329.56,21,0
32,1,178.7,178.7,9,0
218,1,94.0,94.0,6,0
227,1,187.50000000000003,187.50000000000003,8,0
4,3,1080.76,360.25333333333333,67,108
4,2,602.51,301.255,37,282
17,3,1063.48,354.49333333333334,46,179
0,4,1612.93,403.2325,20,288
212,1,204.5,204.5,16,0
62,1,241.62,241.62,18,0
9,2,233.47,116.73500000000001,10,110
2,5,1839.24,367.84799999999996,438,68
8,3,619.65,206.54999999999998,86,241
136,2,1303.9099999999999,651.9549999999999,40,31
6,6,5878.81,979.8016666666666,162,203
10,4,2965.84,741.46,122,275
9,3,908.46,302.82,24,210
183,2,383.34,191.67000000000002,17,0
181,1,505.2,505.2,6,0
14,2,993.18,496.59,42,169
45,2,688.86,344.42999999999995,32,177
9,6,627.14,104.52333333333335,25,278
261,1,344.14,344.14,29,0
203,1,333.08,333.08,23,0
85,2,478.6,239.3,28,125
219,1,53.5,53.5,9,0
175,3,1058.6200000000001,352.8733333333333,107,56
50,2,769.7,384.85,49,135
2,3,136.0,45.333333333333336,1,210
10,3,1179.89,393.2966666666667,51,158
4,9,5002.31,555.8122222222223,164,192
2,2,323.65999999999997,161.82999999999998,15,173
177,2,666.78,333.39,48,113
13,16,5068.13,316.758125,201,288
14,3,897.76,299.25333333333333,50,173
255,1,146.85,146.85,8,0
7,4,1272.21,318.0525,118,251
140,2,2683.82,1341.9099999999999,73,107
84,2,187.29,93.64500000000001,31,0
84,1,611.22,611.22,29,0
41,4,1440.77,360.1925,48,126
154,1,440.0,440.0,28,0
50,1,1127.38,1127.38,87,0
1,21,5678.17,270.38904761904763,261,223
286,1,190.65,190.65,27,0
23,4,854.95,213.7375,22,215
0,7,3704.87,529.2671428571429,36,299
141,1,931.4999999999999,931.4999999999999,1,0
114,1,198.57,198.57,13,0
101,1,244.69,244.69,32,0
263,2,545.48,272.74,21,36
58,1,477.91,477.91,31,0
62,2,218.75,109.375,13,42
18,3,578.05,192.6833333333333,49,83
164,3,44534.3,14844.766666666668,5,97
88,1,99.14,99.14,12,0
2,7,2225.9700000000003,317.9957142857143,81,293
17,8,8387.06,1048.3825,273,200
67,3,680.27,226.75666666666666,95,133
147,3,253.04,84.34666666666668,5,139
116,1,110.55000000000001,110.55000000000001,7,0
63,1,244.8,244.8,1,0
25,2,686.22,343.11,96,142
140,3,676.49,225.49666666666667,22,106
94,1,163.29999999999998,163.29999999999998,12,0
4,1,587.46,587.46,26,0
258,1,225.89999999999998,225.89999999999998,10,0
24,8,2499.86,312.4825,170,181
135,2,477.79,238.89499999999998,29,126
4,6,1799.78,299.9633333333333,50,209
76,1,358.56000000000006,358.56000000000006,1,0
77,2,2209.85,1104.925,37,147
0,14,5343.38,381.67,41,301
32,3,565.54,188.51333333333332,29,160
20,2,307.48,153.74,12,186
210,1,166.04,166.04,4,0
265,2,816.0,408.0,1,31
147,1,134.7,134.7,6,0
15,8,3327.61,415.95125,154,195
23,2,243.36,121.68,9,270
102,2,289.36,144.68,25,118
24,2,713.3,356.65,25,202
123,1,247.14000000000001,247.14000000000001,40,0
63,2,754.0,377.0,42,37
232,1,84.3,84.3,5,0
59,1,498.48,498.48,13,0
190,2,389.44,194.72,22,112
202,1,121.17000000000002,121.17000000000002,3,0
170,1,246.04,246.04,15,0
113,8,1473.53,184.19125,166,147
16,4,2510.76,627.69,318,275
108,1,189.47,189.47,13,0
42,3,1375.05,458.34999999999997,69,213
176,1,305.78,305.78,20,0
198,1,221.19,221.19,41,0
105,3,674.45,224.8166666666667,38,118
294,1,372.09,372.09,71,0
2,11,5232.2300000000005,475.65727272727275,57,158
20,5,6414.32,1282.864,13,80
43,4,1287.37,321.8425,46,198
298,1,623.75,623.75,41,0
179,4,1288.96,322.24,50,107
161,3,1072.43,357.4766666666667,20,136
114,1,25.5,25.5,2,0
55,2,376.55,188.275,13,191
10,1,764.59,764.59,42,0
41,1,303.56,303.56,22,0
146,2,336.13,168.065,27,41
4,2,242.19,121.095,15,97
15,3,336.25,112.08333333333333,21,280
14,2,300.03000000000003,150.015,12,227
127,1,611.85,611.85,23,0
232,1,314.1,314.1,11,0
6,1,760.2,760.2,45,0
101,7,1958.28,279.75428571428574,188,143
111,3,270.79,90.26333333333332,61,84
55,1,205.1,205.1,10,0
34,3,842.23,280.74333333333334,47,156
1,45,30421.5,676.0333333333333,97,299
112,1,161.38,161.38,30,0
17,5,3143.9500000000003,628.7900000000001,60,194
169,1,623.5,623.5,28,0
17,8,4080.44,510.05499999999995,51,270
0,3,826.44,275.48,42,196
36,4,763.64,190.91,3,137
14,4,997.63,249.4075,50,65
134,1,389.01,389.01,16,0
78,4,953.64,238.41000000000003,108,128
3,2,245.94,122.97,16,199
146,1,93.75,93.75,5,0
74,1,783.9,783.9,70,0
83,2,701.1800000000001,350.59000000000003,12,214
67,3,4599.42,1533.14,55,172
3,2,929.74,464.87,77,34
249,1,163.0,163.0,39,0
297,1,123.24,123.24,8,0
127,5,1313.98,262.796,56,160
28,5,2158.37,431.674,80,273
3,2,592.84,296.42,34,143
6,4,1259.56,314.89,13,209
148,2,610.59,305.295,36,27
15,1,298.96,298.96,27,0
6,3,1602.1,534.0333333333333,209,171
178,1,304.25,304.25,17,0
72,3,2144.95,714.9833333333332,97,192
109,1,110.17999999999999,110.17999999999999,16,0
38,6,1629.1,271.51666666666665,203,220
168,1,896.6700000000001,896.6700000000001,23,0
45,2,1000.16,500.08000000000004,59,25
60,3,2375.41,791.8033333333333,75,151
147,1,67.95,67.95,5,0
86,9,1911.74,212.41555555555558,77,88
73,4,1138.2,284.55,53,195
21,1,121.74000000000001,121.74000000000001,27,0
294,1,174.4,174.4,11,0
37,4,1361.33,340.3325,74,148
15,3,1004.5600000000001,334.8533333333334,19,279
239,2,561.71,280.855,21,8
172,1,476.49,476.49,26,0
0,3,1004.5,334.8333333333333,47,48
7,3,1347.22,449.0733333333333,69,280
35,1,485.98,485.98,37,0
193,1,138.68,138.68,10,0
235,2,457.91,228.955,53,51
147,1,400.3,400.3,25,0
139,2,1106.4,553.2,37,91
51,1,326.4,326.4,20,0
23,3,234.6,78.2,9,92
23,7,2326.7799999999997,332.3971428571428,113,160
185,2,638.24,319.12,33,112
165,4,656.48,164.12,82,135
4,2,422.59999999999997,211.3,12,6
113,4,518.67,129.6675,18,188
302,1,255.0,255.0,31,0
81,3,364.84,121.61333333333334,118,96
172,1,110.97,110.97,12,0
164,1,151.85,151.85,5,0
2,2,303.42,151.71,19,172
171,1,2050.08,2050.08,141,0
28,10,7678.42,767.842,201,260
69,1,149.48,149.48,13,0
17,2,345.4,172.7,17,208
25,1,582.9,582.9,29,0
0,6,1778.41,296.4016666666667,101,301
129,1,188.16,188.16,26,0
23,10,2748.31,274.831,122,236
60,2,733.91,366.955,27,37
1,6,1385.98,230.99666666666667,80,293
108,9,1653.42,183.71333333333334,127,192
294,1,363.53,363.53,17,0
139,4,1441.29,360.3225,44,111
116,2,52.0,26.0,1,13
14,9,3031.9,336.8777777777778,117,198
181,1,257.23,257.23,19,0
7,1,394.72,394.72,11,0
38,4,1535.34,383.835,58,209
170,1,101.8,101.8,5,0
72,6,1603.99,267.33166666666665,83,229
161,2,1309.14,654.5699999999999,21,140
252,1,114.68,114.68,4,0
16,6,1900.2,316.7,59,96
17,3,842.33,280.7766666666667,37,239
36,2,501.11,250.555,25,251
195,1,197.72,197.72,14,0
69,4,2293.62,573.405,79,75
14,5,864.12,172.824,67,273
30,6,1049.37,174.89499999999998,46,271
127,2,296.75,148.375,78,159
1,4,1241.86,310.465,54,217
262,1,311.71,311.71,29,0
1,132,95320.56,722.1254545454545,1463,301
65,5,712.24,142.448,59,126
13,7,3725.27,532.1814285714286,96,276
27,1,317.0,317.0,20,0
14,1,1702.94,1702.94,26,0
88,1,156.91,156.91,12,0
18,5,2367.26,473.45199999999994,118,181
7,46,203106.63999999998,4415.361739130434,554,276
66,1,200.47,200.47,16,0
1,4,4393.63,1098.4075,182,159
195,1,344.90000000000003,344.90000000000003,20,0
268,1,168.3,168.3,11,0
66,5,1042.24,208.448,79,174
140,1,635.66,635.66,15,0
87,3,371.88,123.96,51,98
218,1,220.53000000000003,220.53000000000003,13,0
39,1,1432.0,1432.0,4,0
43,1,3160.84,3160.84,165,0
102,4,536.4,134.10000000000002,55,154
101,1,170.04,170.04,20,0
154,1,226.85,226.85,10,0
18,1,140.96,140.96,8,0
35,6,1985.9,330.98333333333335,95,179
1,4,3584.56,896.14,111,187
22,3,284.13,94.71,32,103
3,19,2795.14,147.11263157894737,47,294
13,2,777.53,388.765,49,55
42,12,10795.48,899.6233333333333,97,157
50,1,248.35,248.35,14,0
162,1,157.2,157.2,3,0
136,2,1185.04,592.52,71,109
0,4,865.9100000000001,216.47750000000002,33,216
287,2,409.50000000000006,204.75,9,15
28,5,2608.18,521.6360000000001,110,268
11,11,3729.77,339.07,314,280
56,1,749.45,749.45,16,0
39,5,776.21,155.24200000000002,140,174
38,2,552.0,276.0,23,132
101,1,241.74,241.74,17,0
15,1,351.65,351.65,19,0
42,4,2207.4,551.85,8,206
291,1,170.91,170.91,33,0
28,2,343.34,171.67000000000002,9,20
135,2,817.65,408.82500000000005,50,117
7,2,307.76,153.88,15,125
35,2,1256.25,628.125,68,19
94,3,402.1,134.03333333333333,23,166
248,1,215.78,215.78,27,0
56,4,3741.06,935.265,72,92
8,4,2016.26,504.065,82,193
140,3,959.1,319.70000000000005,15,105
97,3,504.54,168.18,84,90
140,4,439.75,109.9375,15,147
183,1,56.4,56.4,3,0
1,10,3016.72,301.67199999999997,400,288
7,3,1328.72,442.9066666666667,89,149
238,1,558.32,558.32,33,0
1,1,513.2,513.2,6,0
7,1,943.75,943.75,45,0
4,14,5088.9,363.49285714285713,108,180
25,2,318.76,159.38,39,46
165,1,232.48000000000002,232.48000000000002,15,0
15,1,112.07999999999998,112.07999999999998,4,0
192,1,226.21,226.21,14,0
244,1,243.36,243.36,16,0
0,8,1755.78,219.4725,161,289
263,1,195.45,195.45,48,0
85,2,1030.4,515.2,35,182
0,1,334.94,334.94,43,0
288,1,102.28,102.28,4,0
141,1,217.81,217.81,9,0
39,5,2089.44,417.88800000000003,153,213
115,5,1679.45,335.89,69,143
247,1,99.5,99.5,1,0
171,2,663.9300000000001,331.965,43,117
27,2,259.40000000000003,129.7,13,86
178,1,12.75,12.75,1,0
28,4,2173.6,543.4,108,91
282,1,1141.24,1141.24,54,0
4,14,5550.13,396.4378571428571,152,286
111,1,149.89000000000001,149.89000000000001,14,0
37,2,750.89,375.445,45,251
197,1,300.19,300.19,16,0
108,5,697.73,139.546,62,183
35,1,120.0,120.0,8,0
8,2,254.18,127.09,15,182
8,1,507.84,507.84,14,0
42,5,845.62,169.124,62,254
35,8,1957.75,244.71875000000003,74,254
43,6,2635.48,439.24666666666667,51,258
1,13,2485.06,191.15846153846152,46,288
14,6,2125.4500000000003,354.2416666666666,86,225
245,1,1308.48,1308.48,17,0
48,2,645.65,322.82500000000005,13,15
255,1,165.0,165.0,1,0
181,1,85.0,85.0,1,0
39,2,716.0,358.0,1,126
66,3,2112.53,704.1766666666667,110,174
102,2,460.59,230.29500000000002,94,186
176,2,632.4,316.20000000000005,21,110
112,1,1621.25,1621.25,48,0
28,3,1019.76,339.92,45,135
4,2,926.67,463.33500000000004,51,96
0,1,372.48,372.48,28,0
4,3,1829.02,609.6733333333333,90,18
56,8,889.9300000000001,111.24125000000001,56,241
238,1,331.24,331.24,28,0
46,1,640.14,640.14,13,0
41,6,4774.0,795.6666666666666,170,214
190,2,605.58,302.78999999999996,79,47
62,5,1488.0,297.6,50,234
8,1,322.8,322.8,20,0
239,1,160.85,160.85,10,0
290,1,418.92,418.92,7,0
77,2,446.11,223.055,111,105
10,3,323.69,107.89666666666666,20,198
37,2,122.14,61.07,29,91
67,2,145.79,72.895,28,3
2,14,1836.0900000000001,131.14928571428572,72,299
24,1,205.3,205.3,12,0
2,5,1289.4,257.88,66,14
146,1,90.12,90.12,17,0
32,9,2696.53,299.6144444444445,67,268
263,1,157.09,157.09,14,0
99,3,1062.75,354.25,36,98
202,2,109.8,54.900000000000006,7,30
127,1,179.0,179.0,1,0
120,1,346.98,346.98,11,0
36,2,699.08,349.53999999999996,116,139
141,2,203.87,101.935,20,109
129,1,860.12,860.12,54,0
198,1,422.53999999999996,422.53999999999996,23,0
2,2,968.0699999999999,484.03499999999997,121,36
51,3,814.86,271.62,67,214
84,3,3144.33,1048.11,135,127
15,17,7194.3,423.1941176470588,148,225
155,4,1002.99,250.7475,67,141
0,16,7206.24,450.39,9,282
154,1,331.18,331.18,20,0
18,1,1228.83,1228.83,74,0
128,3,2369.24,789.7466666666666,92,166
302,2,160.97,80.485,5,0
216,1,389.5,389.5,20,0
6,1,132.48000000000002,132.48000000000002,5,0
219,3,577.44,192.48000000000002,61,76
2,4,571.99,142.9975,35,138
148,1,227.65,227.65,3,0
42,12,2949.91,245.82583333333332,253,256
80,4,2027.8700000000001,506.96750000000003,421,158
195,1,183.6,183.6,8,0
63,1,425.32,425.32,25,0
203,1,268.58,268.58,10,0
8,17,8515.08,500.8870588235294,172,284
114,6,683.46,113.91000000000001,37,70
24,1,497.61,497.61,26,0
238,1,118.0,118.0,10,0
8,1,549.84,549.84,32,0
87,2,2055.58,1027.79,95,117
1,8,2399.14,299.8925,81,296
0,15,27586.510000000002,1839.1006666666665,72,300
7,10,1160.3700000000001,116.037,44,280
42,6,6912.0,1152.0,6,240
4,4,924.85,231.2125,42,279
14,1,499.56,499.56,22,0
51,4,1688.29,422.0725,74,212
60,1,765.3199999999999,765.3199999999999,15,0
23,4,1201.06,300.265,59,224
290,1,97.63,97.63,7,0
294,1,414.88,414.88,64,0
267,1,344.81,344.81,29,0
128,3,1396.99,465.66333333333336,55,111
225,1,826.53,826.53,47,0
36,1,549.07,549.07,124,0
23,3,2036.28,678.76,117,34
295,1,304.2,304.2,7,0
22,1,127.37,127.37,29,0
9,1,119.12,119.12,16,0
120,2,617.05,308.525,11,70
4,4,1973.02,493.255,45,113
142,1,311.3,311.3,16,0
14,2,278.74,139.37,57,231
248,1,387.27000000000004,387.27000000000004,15,0
92,1,110.92,110.92,24,0
7,2,483.4,241.70000000000002,4,207
126,3,267.16,89.05333333333333,42,45
70,1,283.12,283.12,15,0
3,1,316.68,316.68,22,0
86,2,473.90999999999997,236.95499999999998,23,0
125,1,726.43,726.43,34,0
21,5,716.2,143.24,10,186
77,4,711.88,177.97,74,217
28,9,2029.61,225.51222222222222,130,266
23,2,922.39,461.195,54,146
147,1,179.0,179.0,1,0
56,6,3276.4000000000005,546.0666666666667,4,87
185,1,88.2,88.2,5,0
301,1,207.5,207.5,9,0
217,1,127.86,127.86,26,0
114,1,308.7,308.7,10,0
167,1,1143.6,1143.6,32,0
101,2,2977.75,1488.875,110,146
4,2,878.76,439.38,48,40
4,24,11766.07,490.25291666666664,162,242
10,1,345.0,345.0,22,0
10,2,507.7,253.85,4,10
56,6,2134.07,355.6783333333333,52,184
240,1,316.26000000000005,316.26000000000005,18,0
4,46,20381.58,443.0778260869566,192,298
248,1,200.10000000000002,200.10000000000002,6,0
62,18,33883.5,1882.4166666666667,88,224
133,1,155.9,155.9,10,0
217,1,145.92,145.92,9,0
4,1,302.2,302.2,14,0
43,1,312.14,312.14,62,0
37,9,3914.44,434.9377777777778,6,194
84,1,361.11,361.11,41,0
7,12,9443.6,786.9666666666667,210,293
76,3,378.3,126.09999999999998,19,224
23,6,1323.3799999999999,220.56333333333336,48,276
76,1,119.04,119.04,2,0
14,1,144.48,144.48,6,0
177,1,374.57,374.57,12,0
50,8,2529.9,316.2375,46,201
247,1,106.83000000000001,106.83000000000001,7,0
241,5,501.39000000000004,100.278,26,52
7,1,432.2,432.2,20,0
10,3,386.48,128.82666666666668,87,98
0,1,134.95999999999998,134.95999999999998,10,0
29,3,455.59000000000003,151.86333333333334,11,188
295,4,1661.06,415.265,29,3
296,1,289.35,289.35,13,0
147,4,605.8000000000001,151.45,14,115
50,1,40.599999999999994,40.599999999999994,2,0
16,19,17349.76,913.1452631578949,111,229
144,3,876.8199999999999,292.2733333333333,36,101
28,20,3874.7,193.73499999999999,250,270
7,10,3029.7200000000003,302.97200000000004,143,226
1,11,7367.19,669.7445454545455,242,295
1,1,309.48,309.48,11,0
121,1,84.72,84.72,3,0
1,4,1224.06,306.015,36,266
258,1,430.7,430.7,33,0
8,1,964.83,964.83,57,0
174,3,407.5,135.83333333333334,62,116
287,3,471.0,157.0,68,13
146,2,3251.071,1625.5355,120,20
63,5,832.78,166.556,33,154
85,1,197.22,197.22,11,0
161,1,73.5,73.5,23,0
302,1,277.35,277.35,74,0
0,1,1117.86,1117.86,67,0
0,15,4804.030000000001,320.2686666666667,78,264
234,1,393.33000000000004,393.33000000000004,25,0
300,1,427.8,427.8,24,0
74,1,417.38,417.38,24,0
0,8,909.76,113.72,99,295
4,32,4937.84,154.3075,235,282
168,2,215.70000000000002,107.85000000000001,15,77
18,2,677.38,338.69,29,45
4,1,280.76,280.76,13,0
104,2,340.93,170.465,17,197
105,1,810.6000000000001,810.6000000000001,6,0
147,1,208.36,208.36,9,0
24,2,1237.53,618.7650000000001,56,185
80,2,486.82000000000005,243.41000000000003,25,133
98,1,371.89,371.89,20,0
14,3,2153.9900000000002,717.9966666666668,181,238
21,3,604.2,201.4,13,182
49,2,464.86,232.43,19,94
242,4,538.37,134.5925,52,55
23,14,3049.07,217.7907142857143,335,272
4,10,3947.5,394.75,228,294
238,1,1177.8400000000001,1177.8400000000001,41,0
77,1,522.52,522.52,29,0
142,3,1098.5,366.1666666666667,58,124
17,1,778.65,778.65,37,0
67,4,912.25,228.06250000000003,54,79
22,13,8809.24,677.6338461538461,188,233
130,1,243.22,243.22,24,0
22,6,3552.59,592.0983333333334,102,236
133,1,171.45,171.45,9,0
266,2,2391.59,1195.795,69,1
28,5,705.02,141.004,24,184
55,3,893.03,297.6766666666667,51,232
7,2,1384.85,692.425,55,238
27,3,1119.74,373.24666666666667,52,191
115,2,263.92,131.95999999999998,16,105
18,3,478.66,159.5533333333333,95,56
295,1,403.25,403.25,5,0
247,1,173.8,173.8,32,0
18,1,137.56,137.56,24,0
289,1,479.35,479.35,15,0
193,1,267.18,267.18,34,0
240,3,602.84,200.94666666666663,86,59
123,3,1689.5,563.1666666666666,9,68
3,3,353.2,117.73333333333333,28,264
92,4,671.87,167.9675,35,126
14,3,1407.42,469.14000000000004,52,247
0,2,660.61,330.305,84,226
174,2,1581.53,790.7650000000001,92,41
7,2,729.49,364.745,75,0
22,2,1301.94,650.97,57,35
55,7,1938.72,276.96,209,235
8,6,9036.12,1506.0199999999998,21,255
148,1,172.77,172.77,18,0
209,3,386.15,128.71666666666667,40,43
46,5,146.0,29.2,25,209
48,1,156.75,156.75,8,0
10,1,288.36,288.36,20,0
24,2,153.0,76.5,1,162
49,5,3009.18,601.836,182,241
143,2,354.12,177.06,4,41
28,11,4068.67,369.8790909090909,260,238
76,2,1063.46,531.73,38,50
4,3,884.14,294.7133333333333,94,258
65,3,383.34000000000003,127.78000000000002,23,152
63,2,546.43,273.21500000000003,114,0
0,7,1360.6,194.37142857142857,108,297
10,20,5292.84,264.642,119,284
14,1,655.75,655.75,23,0
0,3,925.85,308.6166666666667,35,233
58,3,2224.03,741.3433333333332,83,165
2,3,1054.34,351.4466666666667,106,246
73,4,797.71,199.42749999999998,56,110
212,1,498.15000000000003,498.15000000000003,30,0
34,1,278.74,278.74,20,0
142,2,533.3,266.65,40,53
123,2,222.05,111.025,17,0
263,1,114.0,114.0,9,0
219,2,787.15,393.57500000000005,25,81
204,1,380.5,380.5,24,0
182,1,307.53,307.53,15,0
210,5,1079.34,215.86800000000002,89,91
128,2,1409.44,704.72,59,63
14,1,211.32,211.32,3,0
113,1,598.0,598.0,5,0
57,7,25507.89,3643.9842857142858,232,193
21,4,689.83,172.4575,64,183
289,1,102.0,102.0,3,0
86,1,160.42000000000002,160.42000000000002,19,0
85,2,597.09,298.545,28,118
200,1,157.56,157.56,21,0
21,16,4207.62,262.97625,112,281
146,1,404.40000000000003,404.40000000000003,3,0
219,1,220.1,220.1,28,0
29,4,3663.15,915.7875,222,235
15,3,747.6,249.20000000000002,4,90
35,2,851.59,425.795,75,9
29,7,1650.67,235.81,86,252
11,7,10332.78,1476.1114285714286,713,275
27,1,230.3,230.3,11,0
10,4,675.29,168.8225,35,250
32,1,391.31,391.31,48,0
6,4,755.08,188.76999999999998,195,13
35,4,3389.7,847.425,167,187
24,5,3723.87,744.774,102,214
189,1,380.39,380.39,33,0
213,1,109.95,109.95,17,0
100,1,190.53,190.53,10,0
2,4,957.46,239.365,17,299
16,9,3216.12,357.34666666666664,359,278
18,4,1649.5,412.375,96,111
43,3,1496.83,498.9433333333333,133,201
35,2,225.45000000000002,112.725,13,26
45,4,799.9,199.975,42,138
16,11,25118.38,2283.4890909090905,95,272
8,15,6781.41,452.094,132,236
4,1,243.06,243.06,44,0
206,1,117.55,117.55,22,0
78,2,673.1,336.55,28,5
216,1,297.64,297.64,35,0
129,2,735.62,367.81,55,158
22,5,1698.97,339.794,80,203
125,1,559.87,559.87,33,0
99,3,4016.66,1338.8866666666665,75,1
181,1,136.8,136.8,2,0
202,1,516.42,516.42,13,0
163,2,280.55,140.27499999999998,13,91
136,1,307.73,307.73,15,0
78,3,1318.75,439.5833333333333,126,120
7,3,1214.41,404.80333333333334,74,135
171,1,183.85,183.85,8,0
99,2,693.8100000000001,346.905,30,187
79,2,652.8,326.4,2,167
11,1,115.46000000000001,115.46000000000001,14,0
302,1,369.5,369.5,11,0
175,1,78.25999999999999,78.25999999999999,17,0
58,1,122.47,122.47,43,0
14,1,659.4399999999999,659.4399999999999,36,0
230,1,530.15,530.15,23,0
225,1,142.4,142.4,7,0
3,4,728.66,182.165,14,216
133,1,319.37,319.37,19,0
3,12,1469.67,122.47250000000001,61,292
8,5,2634.26,526.8520000000001,121,194
70,3,755.03,251.67666666666665,51,101
232,2,365.85,182.925,55,52
92,1,242.09,242.09,15,0
84,1,203.46,203.46,13,0
25,4,1225.41,306.3525,123,208
1,1,462.45,462.45,28,0
32,4,1534.26,383.56499999999994,44,131
62,1,76.5,76.5,1,0
83,2,333.97,166.985,15,90
48,4,1108.65,277.1625,47,142
226,1,89.2,89.2,5,0
141,2,294.12,147.06,13,159
132,3,255.12,85.04,6,32
23,6,1562.96,260.49333333333334,130,273
39,4,1050.12,262.53,105,209
0,5,1052.6200000000001,210.52399999999997,54,293
112,3,917.15,305.71666666666664,57,175
71,2,982.5699999999999,491.28499999999997,29,182
84,1,308.58000000000004,308.58000000000004,14,0
13,4,1382.55,345.6375,41,227
13,12,2224.23,185.3525,222,286
7,13,5488.22,422.1707692307692,177,290
86,3,1098.55,366.18333333333334,38,207
228,1,140.35,140.35,23,0
85,3,899.16,299.71999999999997,56,121
118,7,2999.41,428.4871428571428,68,181
195,2,409.98,204.99,22,0
190,1,207.79999999999998,207.79999999999998,7,0
1,5,1617.9,323.58000000000004,185,294
240,1,289.24,289.24,56,0
206,1,180.60000000000002,180.60000000000002,10,0
2,9,5156.7300000000005,572.97,82,287
10,4,483.86,120.96500000000002,14,138
181,3,215.72,71.90666666666667,43,105
130,1,903.01,903.01,53,0
143,1,459.4,459.4,13,0
35,2,706.57,353.28499999999997,39,134
10,1,358.0,358.0,2,0
190,3,995.93,331.97666666666663,114,106
30,3,3706.7000000000003,1235.5666666666666,41,194
98,2,503.59999999999997,251.8,24,62
21,2,628.87,314.435,29,28
92,1,311.65,311.65,12,0
114,1,103.25,103.25,5,0
35,3,433.28,144.42666666666665,36,195
39,1,548.97,548.97,49,0
87,2,274.85,137.425,36,208
2,3,789.89,263.2966666666667,39,49
154,1,160.95,160.95,10,0
220,2,762.13,381.065,23,41
286,1,158.16,158.16,4,0
143,1,109.13000000000001,109.13000000000001,8,0
163,2,2040.1,1020.05,77,117
66,1,194.9,194.9,24,0
190,1,77.3,77.3,3,0
164,2,304.25,152.125,13,46
13,17,3826.69,225.09941176470588,100,283
189,2,356.81,178.405,22,4
95,1,411.33,411.33,22,0
38,2,530.18,265.09000000000003,31,39
70,12,3248.19,270.6825,228,227
184,1,1700.4,1700.4,53,0
13,1,120.30000000000001,120.30000000000001,5,0
10,3,1799.33,599.7766666666666,50,163
192,1,300.52,300.52,21,0
2,2,1117.9,558.95,3,55
6,3,1693.26,564.42,104,239
94,4,2103.5,525.875,17,193
73,4,1484.06,371.015,54,114
210,1,137.1,137.1,9,0
73,4,787.64,196.91,172,61
10,1,675.3,675.3,12,0
130,5,2351.52,470.304,87,172
161,2,464.59000000000003,232.295,52,0
1,11,4466.59,406.0536363636364,130,295
58,3,605.64,201.88,25,186
46,2,989.02,494.51,94,105
0,8,3791.26,473.9075,79,192
2,14,3301.75,235.83928571428572,39,290
109,3,321.43,107.14333333333333,56,14
101,2,1038.46,519.23,56,40
45,2,353.86,176.92999999999998,86,69
15,3,1030.14,343.37999999999994,24,273
80,1,1212.26,1212.26,42,0
16,6,3497.48,582.9133333333333,233,245
177,1,336.96,336.96,13,0
121,1,324.92,324.92,21,0
280,1,354.64,354.64,13,0
184,1,283.71,283.71,54,0
296,1,165.94,165.94,23,0
69,6,2885.58,480.93,151,172
18,4,1276.18,319.045,62,221
34,3,749.78,249.92666666666665,33,253
114,3,331.0,110.33333333333333,2,107
14,21,14751.37,702.4461904761905,239,283
0,1,224.14,224.14,23,0
108,1,147.0,147.0,9,0
55,4,2463.39,615.8475,284,208
32,1,162.29,162.29,47,0
298,1,131.5,131.5,19,0
53,3,409.86,136.62,48,202
8,3,598.2,199.4,79,283
65,5,1301.57,260.31399999999996,114,183
43,2,1186.25,593.125,60,77
32,7,1670.94,238.7057142857143,82,263
67,12,2234.18,186.18166666666664,302,226
174,1,310.05,310.05,10,0
231,1,330.79,330.79,20,0
156,4,955.3600000000001,238.84,7,139
296,1,373.49,373.49,15,0
140,1,612.78,612.78,34,0
126,3,337.75,112.58333333333333,19,97
90,2,588.22,294.11,30,35
37,1,98.88,98.88,4,0
21,2,193.64,96.82,10,31
36,7,1008.6,144.0857142857143,127,227
97,1,229.26,229.26,10,0
7,6,3769.4900000000002,628.2483333333333,86,210
9,8,3088.89,386.11125,109,258
72,2,443.94,221.97,22,118
0,1,100.8,100.8,2,0
8,3,928.6500000000001,309.55,7,71
17,21,6771.36,322.44571428571425,36,277
7,1,798.46,798.46,33,0
248,1,483.86,483.86,66,0
293,1,458.92,458.92,26,0
0,9,2616.46,290.71777777777777,209,296
146,1,700.6,700.6,39,0
59,3,329.6,109.86666666666667,13,91
209,1,222.99,222.99,15,0
144,1,90.6,90.6,6,0
112,1,102.97999999999999,102.97999999999999,20,0
57,6,3344.64,557.44,11,204
172,3,542.71,180.90333333333334,81,35
288,1,283.53000000000003,283.53000000000003,16,0
258,1,534.57,534.57,35,0
15,1,621.66,621.66,5,0
11,7,1193.71,170.53,54,276
105,2,147.20000000000002,73.6,27,188
52,1,645.35,645.35,39,0
140,2,600.85,300.425,30,107
261,1,153.9,153.9,8,0
39,3,1474.06,491.3533333333333,57,135
287,2,322.08,161.04000000000002,13,4
4,1,192.39,192.39,14,0
2,23,64405.39,2800.234347826087,379,300
220,1,211.0,211.0,12,0
118,2,506.8,253.39999999999998,28,11
57,3,428.68,142.89333333333335,100,48
139,2,1709.4,854.7,40,58
302,1,172.54,172.54,9,0
4,2,340.29,170.14499999999998,35,68
70,3,1032.83,344.27666666666664,67,128
63,3,1793.9,597.9666666666667,56,224
288,1,306.84,306.84,39,0
16,5,1056.3,211.26,95,284
2,2,489.31,244.65500000000003,20,31
63,5,1011.3,202.26,60,236
168,1,328.15999999999997,328.15999999999997,20,0
77,1,309.4,309.4,13,0
1,5,373.65000000000003,74.72999999999999,7,251
123,1,360.0,360.0,52,0
225,1,173.05,173.05,12,0
105,1,323.0,323.0,13,0
254,1,77183.6,77183.6,1,0
301,1,198.08,198.08,48,0
28,2,636.14,318.07,44,41
14,1,494.25,494.25,28,0
30,4,924.6899999999999,231.1725,71,174
1,2,225.57999999999998,112.78999999999999,10,129
0,3,1858.96,619.6533333333333,96,64
28,4,994.3100000000001,248.57750000000001,35,234
95,4,813.0,203.25,166,94
7,11,3173.14,288.4672727272727,289,291
192,2,241.06,120.53,8,21
289,2,365.45,182.72500000000002,18,4
8,4,2369.55,592.3875,104,196
18,1,378.64,378.64,23,0
190,1,25.5,25.5,1,0
45,1,905.5,905.5,45,0
1,4,6617.65,1654.4125,17,222
34,1,748.87,748.87,41,0
77,6,4801.8,800.2999999999998,18,223
196,1,142.4,142.4,5,0
9,3,788.22,262.74,39,137
48,2,712.29,356.145,34,56
106,2,393.33,196.665,23,24
14,2,566.4,283.2,28,248
29,1,292.68,292.68,23,0
18,14,5143.54,367.3957142857143,161,271
70,3,1132.6299999999999,377.54333333333335,42,155
83,2,216.20999999999998,108.10499999999999,21,11
112,3,814.5,271.5,7,55
21,3,419.041,139.68033333333332,22,44
11,6,1401.09,233.515,96,81
65,3,470.69,156.89666666666668,61,125
181,2,773.25,386.625,15,105
62,1,358.82,358.82,21,0
107,3,711.79,237.26333333333332,56,183
7,1,122.75,122.75,8,0
109,1,167.35999999999999,167.35999999999999,30,0
56,1,62.63999999999999,62.63999999999999,5,0
195,2,901.2,450.6,1,44
108,1,236.26000000000002,236.26000000000002,12,0
78,3,449.66999999999996,149.89000000000001,16,65
20,7,5663.5,809.0714285714286,176,232
212,1,79.2,79.2,1,0
66,1,449.73,449.73,15,0
7,10,2633.82,263.38199999999995,251,295
101,2,696.68,348.34,85,1
206,2,269.7,134.85,12,0
27,4,2134.0499999999997,533.5125,67,161
14,3,631.34,210.4466666666667,35,223
14,3,2096.77,698.9233333333333,76,118
129,5,542.95,108.59,12,167
7,4,819.2900000000001,204.8225,18,158
197,1,1829.04,1829.04,29,0
14,3,420.2,140.06666666666666,20,192
21,12,6622.19,551.8491666666667,164,272
42,4,2106.45,526.6125,76,133
0,3,851.2,283.73333333333335,34,168
114,2,311.26,155.63,15,41
20,5,1047.19,209.43800000000002,51,245
106,1,151.42,151.42,31,0
105,2,750.0,375.0,1,136
217,1,1340.32,1340.32,52,0
17,3,928.14,309.38,62,220
57,4,1590.81,397.7025,80,235
139,1,1351.45,1351.45,12,0
176,1,465.32,465.32,16,0
24,3,803.5600000000001,267.8533333333333,39,229
235,1,108.07,108.07,19,0
4,1,272.22,272.22,17,0
217,1,462.95,462.95,23,0
2,2,607.75,303.875,36,162
1,18,7327.34,407.07444444444445,22,194
8,6,1455.81,242.635,70,128
163,1,150.3,150.3,7,0
28,2,165.0,82.5,7,15
232,1,762.11,762.11,40,0
186,1,215.7,215.7,17,0
133,2,776.23,388.115,36,62
3,7,1191.92,170.27428571428572,54,227
118,2,542.03,271.015,32,30
161,1,1079.4,1079.4,58,0
4,1,420.5,420.5,19,0
56,4,382.39000000000004,95.5975,29,156
66,1,2007.3999999999999,2007.3999999999999,27,0
113,3,199.15,66.38333333333334,11,33
56,1,168.31,168.31,19,0
62,10,2789.87,278.98699999999997,173,230
27,13,4362.06,335.5430769230769,153,231
8,2,797.71,398.855,50,162
4,1,789.77,789.77,37,0
100,1,73.78,73.78,26,0
20,6,2277.77,379.62833333333333,93,281
1,137,18202.97,132.86839416058396,1278,301
242,3,622.0,207.33333333333334,60,56
23,6,622.4300000000001,103.73833333333334,18,278
255,2,599.97,299.985,58,38
34,6,1905.8400000000001,317.64000000000004,66,265
35,2,1612.18,806.0899999999999,99,73
10,8,5899.93,737.49125,175,279
3,3,847.65,282.55,27,166
226,5,928.03,185.606,14,69
2,2,755.51,377.755,19,18
126,3,211.77,70.58999999999999,20,79
284,1,218.05,218.05,31,0
29,8,2507.12,313.39,94,166
27,9,3801.68,422.4088888888889,196,262
2,7,4368.49,624.0699999999999,256,195
42,2,612.06,306.03,26,27
45,5,266.52,53.303999999999995,9,167
148,1,252.1,252.1,16,0
224,1,110.98,110.98,17,0
105,2,120.9,60.45,6,133
18,1,103.3,103.3,6,0
45,1,1706.88,1706.88,43,0
30,2,498.42,249.21,30,23
148,3,1008.39,336.13000000000005,46,145
1,4,3185.31,796.3275,154,181
84,2,811.4,405.7,45,96
10,2,1071.1000000000001,535.5500000000001,40,280
8,13,4459.87,343.06692307692305,51,279
17,1,1304.04,1304.04,23,0
294,1,163.2,163.2,2,0
4,5,3144.86,628.972,65,185
83,2,315.06,157.53,16,43
99,2,1032.15,516.075,57,96
134,2,338.74,169.37,19,28
9,6,5110.09,851.6816666666667,190,222
23,14,6593.37,470.955,338,272
44,1,185.9,185.9,10,0
151,2,314.11,157.055,21,109
2,67,8653.8,129.16119402985075,82,298
108,8,4101.76,512.72,112,186
14,6,3194.72,532.4533333333334,43,164
10,1,275.0,275.0,11,0
67,2,884.2,442.1,12,25
141,4,895.61,223.9025,46,153
9,5,2127.3,425.46000000000004,74,288
107,2,264.62,132.31,19,54
24,1,224.8,224.8,15,0
7,5,2050.18,410.03599999999994,43,163
7,1,731.54,731.54,41,0
4,1,181.09,181.09,53,0
10,2,560.98,280.49,33,23
3,11,2336.27,212.3881818181818,112,298
171,1,36.2,36.2,5,0
80,2,1030.98,515.49,49,94
147,2,188.60999999999999,94.30499999999999,22,0
44,4,1573.33,393.3325,71,149
112,2,251.21,125.605,9,136
238,1,475.37,475.37,29,0
9,11,3384.88,307.71636363636367,79,279
17,4,2881.02,720.255,107,238
16,4,2277.08,569.27,10,235
71,1,163.68,163.68,11,0
28,9,1550.94,172.32666666666668,85,269
4,2,421.47,210.735,20,37
249,1,265.85,265.85,22,0
17,4,544.3,136.075,23,185
30,5,2179.4700000000003,435.89400000000006,82,186
113,2,523.0,261.5,3,112
121,2,500.69,250.34500000000003,59,74
3,8,2093.59,261.69875,235,294
142,3,642.81,214.26999999999998,51,84
186,2,662.98,331.49,101,112
9,39,18786.04,481.6933333333333,382,288
1,2,283.47,141.735,67,175
1,4,891.12,222.78,50,175
297,1,185.97,185.97,14,0
86,4,1078.96,269.74,44,116
18,5,1727.28,345.456,31,128
101,1,500.0,500.0,1,0
99,1,1607.04,1607.04,6,0
6,1,505.18,505.18,39,0
43,5,3614.52,722.904,19,247
209,1,240.68,240.68,16,0
38,3,537.32,179.10666666666665,33,186
45,5,4027.1,805.4200000000001,51,255
288,1,195.89,195.89,67,0
21,1,1006.4,1006.4,25,0
182,1,125.65,125.65,7,0
196,1,62.85,62.85,4,0
154,2,755.75,377.875,14,23
185,2,623.4,311.7,29,80
224,1,1257.8700000000001,1257.8700000000001,73,0
6,27,13021.5,482.27777777777777,36,295
7,3,1744.76,581.5866666666666,82,204
46,5,1850.29,370.058,21,192
265,1,2169.39,2169.39,149,0
6,1,773.03,773.03,27,0
70,4,601.27,150.3175,29,227
16,5,1795.59,359.118,57,281
134,3,205.51,68.50333333333333,12,58
58,5,2790.86,558.172,82,237
248,1,91.80000000000001,91.80000000000001,4,0
2,3,541.21,180.40333333333334,73,291
41,2,306.37,153.185,13,94
69,1,890.0699999999999,890.0699999999999,49,0
2,11,2581.94,234.72181818181818,112,285
86,1,214.79999999999998,214.79999999999998,11,0
3,8,1970.6699999999998,246.33374999999998,133,89
13,2,380.64,190.32,8,123
76,3,2940.04,980.0133333333333,132,25
91,2,1760.96,880.4800000000001,30,0
265,2,293.0,146.5,9,23
267,1,119.3,119.3,6,0
156,2,632.07,316.035,36,47
18,4,588.28,147.07,62,270
24,2,689.13,344.565,131,195
73,1,131.5,131.5,10,0
3,2,627.01,313.505,34,51
59,3,1703.41,567.8033333333334,79,169
30,1,291.33,291.33,16,0
34,1,498.48,498.48,13,0
22,2,128.5,64.25,8,19
93,1,339.3,339.3,3,0
291,1,135.39999999999998,135.39999999999998,9,0
16,1,1267.32,1267.32,75,0
203,1,282.93,282.93,18,0
149,1,134.8,134.8,8,0
58,1,919.61,919.61,22,0
302,1,79.6,79.6,1,0
9,31,158062.98,5098.805806451613,120,287
50,5,1041.78,208.35600000000005,11,232
9,10,8459.5,845.95,165,285
74,1,152.68,152.68,48,0
73,2,582.7,291.35,83,121
30,11,32530.7,2957.336363636364,27,256
76,2,555.65,277.825,19,149
15,15,5539.06,369.2706666666666,58,286
140,1,317.59999999999997,317.59999999999997,9,0
116,4,517.45,129.3625,90,182
230,2,186.39000000000001,93.19500000000001,4,30
84,2,537.34,268.66999999999996,28,59
185,1,106.5,106.5,3,0
102,2,934.51,467.255,63,37
254,1,107.45,107.45,7,0
16,24,5146.99,214.45791666666665,366,237
4,1,193.39000000000001,193.39000000000001,11,0
57,1,168.0,168.0,3,0
14,1,801.94,801.94,15,0
115,1,394.14,394.14,31,0
30,1,230.53,230.53,43,0
29,2,1317.62,658.81,31,259
240,1,35.8,35.8,1,0
23,4,2247.58,561.895,32,272
10,2,1890.94,945.47,68,200
59,4,1900.82,475.20500000000004,89,145
18,2,584.5,292.25,33,174
205,1,391.52,391.52,9,0
49,3,586.35,195.45000000000002,59,87
20,1,296.64,296.64,13,0
94,2,430.94,215.47,83,54
51,1,1124.19,1124.19,62,0
17,1,343.8,343.8,24,0
146,3,562.41,187.47,16,93
28,1,509.01,509.01,16,0
174,1,104.9,104.9,7,0
265,2,1278.63,639.315,33,37
297,1,375.69000000000005,375.69000000000005,9,0
39,3,473.02,157.67333333333332,30,165
85,11,2596.45,236.04090909090908,141,212
298,1,165.86,165.86,11,0
290,1,145.0,145.0,6,0
10,17,11260.64,662.3905882352941,211,284
162,1,307.46,307.46,18,0
252,1,229.46999999999997,229.46999999999997,14,0
2,1,152.20000000000002,152.20000000000002,4,0
211,3,866.39,288.7966666666667,12,85
25,1,316.62,316.62,13,0
34,2,254.54,127.27000000000001,54,140
141,1,208.56,208.56,16,0
9,4,687.89,171.9725,29,292
78,3,1168.73,389.57666666666665,77,97
1,2,290.82,145.41,14,58
4,1,329.34,329.34,23,0
0,3,990.6,330.2,20,167
102,1,134.1,134.1,12,0
8,16,5135.6,320.975,82,293
25,2,682.41,341.205,114,147
0,4,987.86,246.965,47,288
98,1,440.94,440.94,26,0
295,1,190.34,190.34,37,0
109,3,483.25,161.08333333333334,32,139
287,1,476.35,476.35,30,0
85,3,186.42000000000002,62.13999999999999,3,90
120,3,664.0,221.33333333333334,31,90
146,1,381.08,381.08,21,0
301,1,2002.4,2002.4,2,0
134,1,2.9,2.9,2,0
29,3,1264.19,421.3966666666667,45,201
0,4,226.75000000000003,56.6875,7,302
8,2,7829.89,3914.945,31,188
7,1,1636.52,1636.52,110,0
118,1,232.21,232.21,30,0
53,7,1624.76,232.10857142857142,125,208
98,7,1865.7,266.5285714285714,86,139
18,6,2010.65,335.10833333333335,68,269
55,3,1170.24,390.08,66,92
63,6,1957.1000000000001,326.18333333333334,66,181
15,3,1176.54,392.18,45,48
1,5,897.5500000000001,179.51,34,168
60,1,156.57999999999998,156.57999999999998,25,0
15,4,1372.28,343.07,131,240
9,5,3172.39,634.4780000000001,132,289
50,4,922.8199999999999,230.70499999999998,69,125
32,8,1266.21,158.27625,170,270
301,1,155.35,155.35,11,0
62,2,370.96000000000004,185.48000000000002,71,144
9,2,790.36,395.18,48,67
7,1,123.10000000000001,123.10000000000001,3,0
16,2,1010.6,505.29999999999995,46,125
20,7,916.6,130.94285714285715,41,242
240,1,178.22,178.22,19,0
3,1,277.8,277.8,9,0
6,1,315.31,315.31,22,0
64,1,60.7,60.7,3,0
301,1,248.1,248.1,13,0
213,1,626.65,626.65,38,0
195,1,152.55,152.55,7,0
84,1,63.75,63.75,1,0
3,2,580.15,290.075,38,157
254,1,440.0,440.0,1,0
108,4,2375.57,593.8925,88,179
53,4,1245.3799999999999,311.345,34,235
298,1,206.23000000000002,206.23000000000002,50,0
205,2,246.51,123.255,32,0
8,7,2016.8500000000001,288.12142857142857,107,246
106,4,702.25,175.5625,131,194
115,3,1046.57,348.85666666666674,129,179
0,1,283.55,283.55,21,0
106,2,319.46999999999997,159.73499999999999,99,191
170,1,112.75,112.75,20,0
43,7,3449.42,492.7742857142857,144,138
6,9,5479.28,608.8088888888889,212,282
23,1,520.3,520.3,29,0
84,3,631.9,210.63333333333333,22,101
104,2,1409.69,704.845,88,58
37,5,2037.0800000000002,407.41600000000005,77,227
21,2,368.36,184.18,44,133
106,1,489.31,489.31,25,0
8,6,2052.85,342.14166666666665,64,184
178,1,328.2,328.2,18,0
21,7,3358.2200000000003,479.7457142857143,87,273
129,2,163.20000000000002,81.60000000000001,5,31
302,1,102.78999999999999,102.78999999999999,28,0
27,1,122.2,122.2,33,0
17,1,620.4,620.4,30,0
18,2,480.72,240.36,61,186
27,3,529.62,176.54,6,107
84,2,416.02000000000004,208.01000000000002,11,90
24,14,3035.69,216.835,264,222
53,1,375.1,375.1,12,0
141,1,348.15000000000003,348.15000000000003,18,0
210,1,306.94,306.94,15,0
7,14,6373.44,455.24571428571426,97,211
22,4,2106.52,526.63,31,209
11,1,973.8399999999999,973.8399999999999,7,0
121,1,9.2,9.2,2,0
251,2,23.8,11.899999999999999,8,0
6,3,1412.06,470.68666666666667,71,205
25,4,2424.04,606.01,111,270
226,1,821.1,821.1,21,0
167,2,514.15,257.07500000000005,32,120
10,3,348.71000000000004,116.23666666666668,18,243
181,4,1103.16,275.79,54,83
84,3,638.94,212.98000000000002,83,171
36,2,460.28,230.14,26,224
203,1,660.0,660.0,2,0
62,1,115.8,115.8,7,0
7,5,1205.8400000000001,241.16800000000003,52,216
88,7,1692.31,241.75857142857143,68,104
27,1,363.79,363.79,57,0
149,2,875.01,437.505,59,137
114,2,152.4,76.2,3,151
253,1,63.0,63.0,3,0
212,1,417.2,417.2,39,0
0,5,1354.56,270.912,120,296
287,1,76.55,76.55,4,0
113,1,307.9,307.9,17,0
66,1,347.55,347.55,28,0
23,4,1497.55,374.3875,119,264
3,30,4855.14,161.83800000000002,164,298
41,2,870.85,435.425,47,119
242,1,112.75,112.75,8,0
49,1,318.65,318.65,68,0
182,3,696.07,232.02333333333334,49,64
52,1,981.38,981.38,58,0
218,1,101.69999999999999,101.69999999999999,1,0
87,1,289.96000000000004,289.96000000000004,9,0
7,10,1903.79,190.379,122,287
15,11,3314.55,301.32272727272726,73,229
4,4,977.68,244.42000000000002,40,140
20,6,934.62,155.77,11,210
113,1,320.58000000000004,320.58000000000004,21,0
41,1,71.4,71.4,1,0
211,1,374.0,374.0,4,0
25,13,3853.4500000000003,296.4192307692308,45,275
11,16,6419.08,401.1925,41,287
43,3,653.38,217.79333333333332,30,140
4,12,6949.9400000000005,579.1616666666667,243,200
24,4,1559.66,389.915,78,270
190,1,327.25,327.25,13,0
62,1,375.0,375.0,22,0
0,8,1119.81,139.97625,127,294
155,1,305.28000000000003,305.28000000000003,2,0
301,1,37.2,37.2,3,0
86,1,487.02,487.02,19,0
20,2,671.96,335.98,22,151
0,11,9225.470000000001,838.679090909091,57,292
283,1,216.76,216.76,53,0
7,1,440.42,440.42,29,0
63,2,529.73,264.865,47,22
161,1,184.64,184.64,11,0
24,4,3099.12,774.78,111,265
235,1,142.4,142.4,24,0
134,1,236.0,236.0,10,0
140,2,1522.75,761.375,88,160
63,2,408.36,204.18,63,121
252,1,167.39000000000001,167.39000000000001,12,0
84,2,1407.76,703.88,7,27
191,3,4517.69,1505.8966666666665,125,71
259,1,1608.66,1608.66,70,0
202,2,1145.6,572.8,17,0
13,1,371.01,371.01,24,0
24,3,822.7,274.23333333333335,78,221
2,7,861.89,123.12714285714286,44,132
144,2,457.81,228.90500000000003,23,68
125,2,1027.44,513.72,66,85
114,2,154.82999999999998,77.41499999999999,4,184
165,1,175.27,175.27,28,0
48,2,254.1,127.05,8,241
44,2,4036.33,2018.165,112,217
0,11,2620.71,238.24636363636364,272,292
204,2,315.37,157.685,29,91
18,2,1689.18,844.5899999999999,96,65
76,3,499.68,166.55999999999997,33,98
300,1,303.5,303.5,10,0
2,9,2941.93,326.88111111111107,113,286
43,3,1633.78,544.5933333333334,65,183
2,43,30665.52,713.1516279069767,68,295
6,7,2058.91,294.13,88,295
18,7,2632.31,376.0442857142857,61,241
1,7,2089.7,298.5285714285714,93,259
55,2,2206.18,1103.09,59,111
2,70,48473.58,692.4797142857143,522,300
39,1,52.0,52.0,1,0
24,2,572.2,286.1,27,80
35,1,439.23,439.23,21,0
170,3,564.86,188.28666666666666,77,74
43,2,605.0600000000001,302.53,32,123
223,1,201.12,201.12,17,0
175,1,228.84,228.84,10,0
24,17,5784.53,340.2664705882353,145,278
143,1,272.46,272.46,35,0
132,1,127.59,127.59,10,0
14,6,1117.37,186.22833333333332,53,276
127,4,516.36,129.09,23,169
1,2,801.51,400.755,44,85
0,1,743.53,743.53,51,0
120,4,1431.78,357.945,64,107
108,1,112.35,112.35,27,0
57,4,955.99,238.9975,64,169
3,2,675.8,337.9,49,254
102,1,177.34,177.34,13,0
38,5,3001.18,600.2360000000001,85,132
14,7,1763.41,251.91571428571427,254,279
67,1,209.35,209.35,45,0
44,4,1641.76,410.44,93,251
139,2,384.36,192.17999999999998,5,108
146,3,910.2,303.40000000000003,27,116
62,2,300.76,150.38,59,9
18,9,6437.83,715.3144444444445,25,271
37,5,1949.3600000000001,389.872,70,261
52,4,998.0500000000001,249.5125,21,187
171,1,269.95,269.95,15,0
63,3,2515.84,838.6133333333333,55,127
13,27,11395.98,422.0733333333333,192,289
48,3,1341.65,447.2166666666667,64,177
21,3,991.13,330.37666666666667,50,171
16,1,364.5,364.5,21,0
212,3,447.22,149.07333333333335,48,75
79,1,197.52000000000004,197.52000000000004,5,0
80,1,165.07,165.07,57,0
114,4,893.75,223.4375,32,130
121,1,155.0,155.0,10,0
59,1,304.56,304.56,2,0
3,1,74.9,74.9,2,0
1,2,292.68,146.34,43,89
7,10,2341.75,234.175,24,295
204,1,122.53999999999999,122.53999999999999,23,0
90,5,868.86,173.772,42,204
35,4,1619.8400000000001,404.96,64,128
21,1,443.0,443.0,19,0
193,2,299.6,149.8,55,104
23,12,3685.02,307.085,57,278
63,2,478.96000000000004,239.48000000000002,32,57
72,1,110.23,110.23,13,0
21,1,416.90000000000003,416.90000000000003,15,0
182,1,198.2,198.2,8,0
13,5,4709.9,941.9799999999999,174,210
241,2,901.78,450.89,15,41
99,1,114.56,114.56,16,0
211,1,207.50000000000003,207.50000000000003,1,0
7,1,478.88,478.88,27,0
118,4,1164.68,291.17,36,121
66,2,211.3,105.65,11,168
46,3,925.35,308.45,41,213
4,2,681.53,340.765,53,233
41,6,972.23,162.03833333333333,36,199
248,1,165.0,165.0,1,0
123,2,865.6,432.8,34,142
93,5,3035.01,607.0020000000001,5,208
170,1,313.8,313.8,8,0
232,1,630.7,630.7,60,0
65,7,2952.25,421.75,85,228
94,3,1791.82,597.2733333333333,176,111
192,1,922.1,922.1,31,0
8,6,1081.51,180.25166666666667,55,163
21,2,437.6,218.8,11,121
237,4,664.54,166.135,35,59
48,11,4874.57,443.14272727272726,134,254
136,1,369.2,369.2,20,0
113,1,298.48,298.48,16,0
34,8,1862.22,232.7775,44,207
18,20,9563.85,478.1925,226,271
41,8,1899.57,237.44625,65,258
18,1,291.63,291.63,19,0
296,1,87.5,87.5,6,0
9,5,1062.39,212.47799999999998,32,199
57,2,180.85,90.425,10,244
58,1,406.09,406.09,24,0
65,3,450.05,150.01666666666668,18,106
191,1,114.56,114.56,8,0
163,1,101.19,101.19,8,0
6,2,302.64,151.32,15,199
69,3,771.26,257.08666666666664,24,179
18,1,299.34000000000003,299.34000000000003,13,0
4,1,769.29,769.29,51,0
18,1,254.75,254.75,46,0
115,1,129.49,129.49,9,0
216,2,64.05,32.025000000000006,8,0
37,8,3717.35,464.66875,61,102
38,3,1076.66,358.8866666666666,51,75
74,4,1714.27,428.5675,100,128
56,4,855.91,213.97750000000002,35,192
20,16,9271.84,579.49,43,274
262,1,332.41,332.41,19,0
142,2,408.8,204.4,21,140
9,54,55559.74,1028.884074074074,43,293
302,1,192.60000000000002,192.60000000000002,2,0
128,3,400.1,133.36666666666667,63,162
44,5,1284.05,256.81,84,165
20,4,4280.59,1070.1475,153,190
140,1,738.6,738.6,22,0
289,3,1148.27,382.75666666666666,57,13
3,3,1226.88,408.96000000000004,43,94
288,1,74.4,74.4,5,0
7,1,461.79,461.79,30,0
90,1,345.29999999999995,345.29999999999995,9,0
175,2,306.55,153.275,9,49
64,4,657.9000000000001,164.47500000000002,7,112
149,2,288.6,144.3,18,0
135,1,357.98,357.98,10,0
18,1,771.91,771.91,108,0
202,1,108.21000000000001,108.21000000000001,16,0
42,2,434.05,217.025,31,71
165,1,314.45,314.45,19,0
156,1,160.54000000000002,160.54000000000002,26,0
80,1,232.6,232.6,16,0
72,4,957.48,239.37000000000003,8,145
60,2,2265.4,1132.7,77,123
52,3,1221.65,407.2166666666667,39,213
148,1,75.66,75.66,6,0
109,1,161.9,161.9,15,0
23,1,303.93,303.93,28,0
125,3,437.7,145.9,18,136
182,2,263.55,131.775,35,115
25,3,1149.02,383.00666666666666,75,104
7,7,2638.18,376.8828571428572,153,293
0,4,800.24,200.06,33,302
37,3,1424.8,474.93333333333334,32,181
45,1,233.54,233.54,16,0
14,4,579.0,144.75,12,268
190,1,495.0,495.0,3,0
129,1,339.59999999999997,339.59999999999997,29,0
116,2,276.73,138.365,33,184
162,2,149.57999999999998,74.78999999999999,18,26
188,3,2924.4700000000003,974.8233333333333,104,96
144,2,549.68,274.84,9,58
1,8,2803.93,350.49125,122,294
59,3,2755.23,918.41,113,82
64,1,254.82,254.82,19,0
240,2,538.8100000000001,269.40500000000003,16,61
17,3,916.39,305.46333333333337,41,228
36,2,333.90000000000003,166.95,17,102
7,2,926.38,463.19000000000005,8,276
64,1,259.01,259.01,34,0
45,8,5110.32,638.79,271,253
245,2,458.52,229.26,26,53
58,1,111.35,111.35,10,0
196,1,251.51999999999998,251.51999999999998,2,0
197,2,944.1,472.05,8,17
4,2,330.71,165.35500000000002,17,129
18,15,6115.01,407.6673333333334,28,241
287,1,540.45,540.45,18,0
17,4,1781.97,445.4925,293,239
114,1,298.89,298.89,31,0
111,3,39916.5,13305.5,1,0
93,2,1327.16,663.58,90,126
8,3,882.5,294.1666666666667,62,288
23,5,1972.89,394.57800000000003,47,176
87,2,473.81,236.905,65,29
216,1,189.9,189.9,10,0
147,2,312.32,156.16,35,120
77,1,304.09999999999997,304.09999999999997,21,0
192,1,158.95000000000002,158.95000000000002,10,0
1,1,679.03,679.03,39,0
265,1,334.93,334.93,15,0
2,12,4599.97,383.3308333333334,293,293
72,1,90.0,90.0,3,0
0,43,5835.95,135.71976744186045,276,297
27,3,1634.47,544.8233333333333,40,133
7,4,1548.7,387.175,77,135
301,1,303.97,303.97,18,0
10,2,217.16,108.58,10,192
80,1,216.71,216.71,28,0
7,19,8378.07,440.95105263157893,203,293
13,2,619.71,309.855,28,280
23,1,64.0,64.0,2,0
41,2,1436.31,718.155,77,30
4,3,172.4,57.46666666666667,2,64
2,1,366.1,366.1,38,0
65,4,1738.73,434.6825,112,232
174,2,433.53000000000003,216.765,27,65
231,2,307.02,153.51,11,6
6,6,967.4300000000001,161.23833333333334,71,289
4,11,3514.32,319.4836363636364,82,297
64,3,886.74,295.58,60,100
58,10,4050.42,405.04200000000003,80,232
237,2,693.3299999999999,346.66499999999996,26,0
300,1,124.14,124.14,7,0
2,16,2778.15,173.634375,203,292
161,2,876.42,438.21,49,90
16,15,3705.4100000000003,247.02733333333336,46,281
29,1,566.38,566.38,23,0
193,1,320.62,320.62,12,0
73,2,522.68,261.34,20,228
8,1,1862.0,1862.0,6,0
10,1,4366.78,4366.78,53,0
25,4,663.65,165.9125,59,269
253,1,76.32000000000001,76.32000000000001,1,0
14,2,182.21,91.105,12,8
3,1,704.0400000000001,704.0400000000001,19,0
41,1,288.18,288.18,14,0
83,6,70.02,11.67,19,207
67,1,197.9,197.9,8,0
67,4,3006.15,751.5375,53,181
155,1,203.95,203.95,10,0
32,4,417.06,104.265,28,254
267,1,1048.85,1048.85,155,0
224,1,228.26999999999998,228.26999999999998,15,0
112,1,439.5,439.5,20,0
8,4,1351.63,337.9075,40,250
7,3,11072.67,3690.89,91,103
42,1,4873.8099999999995,4873.8099999999995,171,0
32,5,1002.1800000000001,200.436,68,189
49,6,1206.42,201.07000000000002,64,248
22,7,1633.7,233.3857142857143,62,264
6,5,1343.91,268.78200000000004,72,290
206,1,315.6,315.6,20,0
102,1,192.85,192.85,41,0
301,1,350.06,350.06,10,0
213,1,203.35,203.35,20,0
69,2,413.28,206.64,22,61
0,13,2467.29,189.79153846153847,90,294
141,1,326.19,326.19,23,0
18,1,305.62,305.62,18,0
80,1,312.9,312.9,60,0
2,9,2662.74,295.85999999999996,79,192
164,2,630.08,315.03999999999996,24,63
7,2,1936.5900000000001,968.2950000000001,47,0
42,1,170.54000000000002,170.54000000000002,11,0
127,1,188.89000000000001,188.89000000000001,19,0
112,1,213.70000000000002,213.70000000000002,10,0
66,5,1561.06,312.212,89,150
100,2,357.49,178.745,48,112
14,18,5717.88,317.66,151,155
20,1,650.42,650.42,26,0
116,2,729.5400000000001,364.77000000000004,36,128
228,2,543.96,271.98,33,35
280,1,172.25,172.25,7,0
230,1,252.29,252.29,42,0
2,3,1955.9,651.9666666666667,181,116
109,6,1464.89,244.14833333333334,106,189
71,3,1121.59,373.8633333333334,57,128
36,6,4609.29,768.215,191,251
15,1,228.96,228.96,1,0
203,1,310.47,310.47,19,0
286,1,190.55,190.55,11,0
45,1,234.17,234.17,14,0
86,1,210.10000000000002,210.10000000000002,11,0
9,1,768.24,768.24,42,0
24,2,772.78,386.39,37,88
28,11,3070.42,279.1290909090909,6,167
9,7,1339.09,191.29857142857142,57,214
70,3,865.88,288.6266666666667,63,108
17,2,433.67999999999995,216.83999999999997,21,89
247,1,153.78,153.78,7,0
52,10,1890.21,189.02100000000002,269,247
0,10,3221.81,322.181,167,134
294,1,308.28000000000003,308.28000000000003,14,0
139,1,720.0,720.0,28,0
245,2,2108.27,1054.135,178,52
0,3,433.52,144.50666666666666,35,241
41,7,2738.75,391.25,60,252
52,3,2257.6800000000003,752.5600000000001,64,118
25,1,135.18,135.18,43,0
32,5,1375.71,275.142,27,228
112,3,475.28000000000003,158.42666666666668,26,174
92,3,646.64,215.5466666666667,70,199
20,13,7974.79,613.4453846153846,242,199
189,3,514.85,171.61666666666667,27,23
28,1,387.52,387.52,29,0
254,1,405.0,405.0,6,0
1,4,2232.4900000000002,558.1225,72,141
15,1,405.88,405.88,24,0
171,1,841.4999999999999,841.4999999999999,1,0
13,8,3450.84,431.355,48,177
55,3,1009.5500000000001,336.51666666666665,19,25
125,2,899.63,449.815,51,164
146,1,261.36,261.36,16,0
246,2,309.8,154.89999999999998,4,21
118,1,349.1,349.1,8,0
302,1,233.45,233.45,14,0
10,4,592.97,148.2425,31,115
14,2,790.95,395.475,7,276
36,1,253.31,253.31,15,0
265,1,135.9,135.9,10,0
65,2,237.66,118.83,25,72
217,1,295.15,295.15,18,0
70,3,873.1999999999999,291.06666666666666,32,157
125,1,134.04,134.04,8,0
29,6,639.53,106.58833333333332,103,265
18,4,2312.7,578.175,86,282
185,1,206.13,206.13,14,0
25,5,2188.42,437.684,67,156
98,1,142.5,142.5,8,0
143,1,111.15,111.15,17,0
101,6,2643.2000000000003,440.53333333333336,86,185
20,4,3249.14,812.285,149,260
16,21,3481.64,165.79238095238094,193,284
84,4,835.0699999999999,208.7675,97,153
3,25,12627.94,505.11760000000004,110,295
116,1,59.5,59.5,3,0
142,2,871.58,435.79,32,22
155,1,122.39999999999999,122.39999999999999,4,0
34,4,1887.2,471.80000000000007,102,253
49,5,1494.1399999999999,298.828,219,215
125,2,601.03,300.515,34,84
189,1,40.5,40.5,3,0
119,1,296.7,296.7,14,0
73,8,2437.63,304.70375,120,163
225,1,363.7,363.7,13,0
3,6,880.3,146.71666666666667,79,298
105,6,1169.94,194.99,97,196
18,5,720.88,144.176,110,91
206,1,162.7,162.7,17,0
11,4,1320.56,330.14,143,142
248,1,206.98,206.98,17,0
35,1,725.6400000000001,725.6400000000001,10,0
51,3,533.98,177.99333333333334,3,34
143,1,239.4,239.4,13,0
114,2,861.96,430.98,22,1
182,1,58.49,58.49,12,0
141,1,85.0,85.0,5,0
196,2,806.41,403.205,48,48
20,1,337.74,337.74,21,0
242,1,109.25,109.25,19,0
59,1,1089.18,1089.18,63,0
21,7,2080.45,297.20714285714286,177,245
1,1,144.2,144.2,9,0
84,5,575.44,115.08800000000001,33,202
163,1,113.5,113.5,9,0
35,4,1431.93,357.98249999999996,71,253
76,3,739.41,246.47,40,221
27,3,957.8600000000001,319.2866666666667,11,217
55,9,3613.63,401.51444444444445,63,212
240,1,105.85,105.85,13,0
1,15,6246.32,416.42133333333334,84,299
291,1,147.09,147.09,66,0
2,1,499.62,499.62,40,0
2,1,869.87,869.87,54,0
55,7,548.92,78.41714285714286,92,245
106,6,2207.75,367.9583333333333,79,106
22,33,48209.2,1460.8848484848486,26,278
300,1,754.87,754.87,39,0
15,6,1824.6399999999999,304.1066666666666,49,271
181,1,37.4,37.4,2,0
92,2,508.8,254.4,2,0
228,1,112.46,112.46,36,0
231,1,238.85,238.85,16,0
8,1,332.8,332.8,19,0
147,3,1161.53,387.1766666666667,77,98
6,2,233.35,116.675,59,77
22,8,2972.3300000000004,371.54125,55,274
7,1,137.75,137.75,9,0
7,7,2759.83,394.26142857142855,110,196
3,2,482.47,241.235,34,16
18,1,1638.3400000000001,1638.3400000000001,21,0
175,1,415.7,415.7,24,0
87,11,8615.42,783.22,154,168
1,4,1582.6000000000001,395.65,47,260
3,1,245.83,245.83,17,0
73,1,314.15000000000003,314.15000000000003,13,0
59,4,1475.81,368.9525,17,116
112,3,740.95,246.98333333333335,42,79
95,1,196.64,196.64,12,0
50,1,213.15,213.15,16,0
209,1,50.8,50.8,3,0
86,1,369.85,369.85,24,0
28,8,5718.36,714.795,27,239
128,1,327.97,327.97,24,0
98,2,642.41,321.205,34,189
294,1,300.91999999999996,300.91999999999996,12,0
0,5,1717.96,343.592,31,238
35,7,2816.52,402.36,132,250
261,1,110.95,110.95,3,0
0,2,1323.18,661.59,50,0
4,3,562.43,187.4766666666667,83,170
197,1,142.5,142.5,5,0
293,1,272.82,272.82,41,0
302,1,357.95,357.95,64,0
45,1,411.7,411.7,25,0
24,3,2651.46,883.82,77,192
60,2,677.1,338.54999999999995,35,0
203,2,189.16,94.58,9,48
118,2,1557.6,778.8,56,48
218,1,224.91,224.91,16,0
142,1,370.79999999999995,370.79999999999995,5,0
0,3,536.6800000000001,178.89333333333335,22,295
102,1,191.94,191.94,7,0
45,3,608.71,202.90333333333334,88,118
247,2,328.35,164.17499999999998,22,11
182,1,61.10000000000001,61.10000000000001,4,0
55,4,819.33,204.8325,10,239
18,1,2027.94,2027.94,7,0
41,5,1560.6599999999999,312.13199999999995,91,135
20,7,1496.98,213.8542857142857,79,267
0,9,6724.25,747.1388888888889,99,292
88,1,155.8,155.8,29,0
25,11,4036.34,366.94,87,261
22,3,967.76,322.58666666666664,54,230
86,4,1665.83,416.4575,41,137
297,1,56.25,56.25,4,0
10,20,13159.27,657.9635000000001,29,189
24,1,82.75,82.75,11,0
127,4,557.3,139.325,14,20
107,1,230.57999999999998,230.57999999999998,17,0
6,1,795.12,795.12,51,0
104,2,434.99999999999994,217.5,10,94
52,2,1142.42,571.21,29,113
197,1,306.64,306.64,3,0
168,2,416.64,208.32,15,42
16,6,4029.82,671.6366666666667,142,164
11,1,585.1800000000001,585.1800000000001,97,0
1,6,1085.72,180.95333333333335,128,70
24,7,2182.79,311.82714285714286,132,269
41,1,612.29,612.29,35,0
59,1,174.88,174.88,27,0
247,1,846.72,846.72,120,0
45,1,213.85,213.85,19,0
210,1,225.9,225.9,14,0
85,3,2851.2,950.4,6,60
172,1,112.55000000000001,112.55000000000001,13,0
133,1,89.0,89.0,4,0
133,1,396.86,396.86,21,0
72,2,356.7,178.35000000000002,18,222
9,8,2525.29,315.66125,75,139
132,5,1550.7,310.14,82,130
7,3,1122.41,374.1366666666666,69,76
1,3,465.55,155.1833333333333,107,107
241,1,177.5,177.5,10,0
77,5,1506.92,301.384,57,164
70,2,2739.8,1369.9,5,0
28,1,305.28000000000003,305.28000000000003,18,0
65,1,136.29,136.29,13,0
176,1,72.9,72.9,12,0
17,6,3279.97,546.6616666666667,150,188
25,2,419.55,209.77499999999998,22,119
43,2,354.57,177.285,22,33
251,1,94.36,94.36,4,0
8,2,701.23,350.615,33,1
73,2,747.81,373.905,50,116
22,6,1635.67,272.6116666666667,56,244
263,1,110.17999999999999,110.17999999999999,13,0
1,2,567.36,283.68,10,14
247,1,636.94,636.94,24,0
4,1,349.7,349.7,25,0
174,1,117.6,117.6,7,0
17,1,853.68,853.68,36,0
76,1,1246.32,1246.32,154,0
45,3,542.2,180.73333333333335,20,62
48,3,1044.32,348.1066666666666,36,245
230,3,1140.35,380.1166666666666,26,18
91,2,257.95,128.97500000000002,9,51
35,1,628.38,628.38,15,0
91,3,845.55,281.84999999999997,35,130
165,1,338.95,338.95,19,0
3,14,11219.15,801.3678571428571,104,298
77,3,601.76,200.58666666666667,82,118
189,1,227.32,227.32,16,0
49,1,15.0,15.0,1,0
62,2,397.29,198.645,17,70
67,4,899.55,224.8875,38,153
204,2,618.63,309.315,6,11
62,2,814.0,407.0,7,102
77,2,554.38,277.19,30,39
66,2,592.1,296.05,26,88
196,1,676.2,676.2,5,0
67,6,2700.43,450.0716666666667,103,231
0,3,1993.7,664.5666666666666,159,121
1,3,1558.73,519.5766666666667,31,292
35,6,780.55,130.09166666666667,6,203
22,1,353.48,353.48,22,0
13,2,663.61,331.805,40,205
0,2,1211.3899999999999,605.6949999999999,52,96
133,2,468.77000000000004,234.38500000000002,43,160
36,5,797.02,159.404,29,203
51,4,646.55,161.6375,36,163
23,2,697.4000000000001,348.70000000000005,22,160
7,14,3901.63,278.6878571428571,200,290
293,1,173.7,173.7,3,0
300,1,135.32999999999998,135.32999999999998,31,0
140,1,455.18,455.18,15,0
129,2,1110.34,555.1700000000001,52,76
2,1,305.54,305.54,11,0
195,1,266.0,266.0,64,0
195,1,234.24,234.24,5,0
50,4,678.49,169.6225,63,169
140,1,373.2,373.2,41,0
9,1,242.35,242.35,14,0
29,3,1200.6200000000001,400.20666666666665,57,267
10,10,2796.74,279.674,65,286
93,1,222.9,222.9,13,0
16,20,43116.72,2155.8360000000002,19,283
178,1,183.4,183.4,8,0
20,19,7390.47,388.9721052631579,163,274
202,2,334.2,167.1,11,90
84,4,2006.3600000000001,501.59000000000003,74,209
58,1,1487.6,1487.6,2,0
22,5,2546.12,509.224,121,203
20,6,1883.88,313.98,37,120
14,7,582.5,83.21428571428571,8,282
163,1,489.05,489.05,124,0
41,2,48.96,24.48,17,0
0,3,831.5,277.1666666666667,15,126
301,1,50.550000000000004,50.550000000000004,3,0
77,2,876.1800000000001,438.09000000000003,42,120
1,2,512.1,256.05,112,9
4,1,330.6,330.6,24,0
51,3,709.71,236.57000000000002,39,187
134,1,224.62,224.62,12,0
18,3,3866.33,1288.7766666666666,185,269
63,7,1558.38,222.6257142857143,50,188
29,2,425.19,212.595,51,158
154,6,2561.94,426.99,50,138
0,3,539.72,179.90666666666667,27,83
43,3,817.86,272.62,37,139
195,1,118.75,118.75,6,0
179,1,127.84,127.84,17,0
0,2,667.65,333.825,45,0
106,1,353.43,353.43,19,0
6,13,4125.3,317.33076923076925,214,280
59,9,1504.44,167.16,122,159
52,2,597.48,298.74,138,131
142,1,2044.3700000000001,2044.3700000000001,55,0
86,3,447.64000000000004,149.21333333333334,35,214
22,7,2328.71,332.67285714285714,96,264
101,1,113.12,113.12,16,0
10,3,823.1700000000001,274.39000000000004,41,250
15,2,285.74,142.87,24,14
59,2,417.55,208.77499999999998,33,12
176,3,362.95,120.98333333333333,22,63
102,3,571.1999999999999,190.39999999999998,1,194
45,1,91.32000000000001,91.32000000000001,2,0
86,2,1019.52,509.76,9,58
23,3,594.75,198.25,44,236
182,1,388.45000000000005,388.45000000000005,17,0
199,1,140.54,140.54,10,0
4,7,875.2,125.02857142857144,100,293
183,1,836.79,836.79,54,0
4,9,2841.35,315.7055555555555,62,181
280,1,134.55,134.55,1,0
11,17,8412.65,494.8617647058823,89,284
29,7,1810.77,258.68142857142857,62,272
174,2,2753.08,1376.54,53,80
2,5,1674.69,334.938,67,55
154,2,93.35,46.675000000000004,4,0
156,1,358.38,358.38,34,0
97,2,623.16,311.58000000000004,32,48
182,2,316.25,158.125,18,111
66,6,2633.81,438.9683333333333,153,193
10,1,52.83,52.83,13,0
15,10,2839.94,283.994,70,275
191,1,215.05,215.05,9,0
14,1,679.68,679.68,42,0
8,5,1800.86,360.172,80,97
4,2,1000.39,500.195,42,184
7,2,703.72,351.85999999999996,34,34
3,4,1113.31,278.3275,85,289
63,2,274.74,137.37,13,48
164,3,3010.74,1003.5799999999999,49,72
24,3,922.12,307.37333333333333,26,240
17,9,5107.06,567.4511111111111,14,276
1,41,44237.46,1078.9624390243903,759,288
98,2,842.65,421.325,8,157
98,2,167.15,83.57499999999999,18,0
44,4,1023.54,255.885,50,239
41,2,208.05,104.025,7,21
35,1,51.559999999999995,51.559999999999995,5,0
7,3,1854.14,618.0466666666666,53,280
27,7,2692.0,384.57142857142856,108,269
120,1,133.56,133.56,5,0
50,6,2351.84,391.97333333333336,76,153
13,5,1287.81,257.562,46,202
16,1,117.35000000000001,117.35000000000001,7,0
48,4,608.85,152.2125,95,166
24,2,897.81,448.905,53,88
18,7,1816.81,259.5442857142857,164,276
50,1,292.69,292.69,14,0
217,1,180.68,180.68,9,0
3,2,234.34000000000003,117.17000000000002,7,208
78,1,610.01,610.01,42,0
113,1,330.95,330.95,53,0
20,2,716.35,358.17499999999995,28,94
29,3,8834.03,2944.6766666666663,156,200
127,2,83.28,41.64,4,0
7,8,1299.89,162.48624999999998,206,126
21,3,711.41,237.13666666666668,21,168
72,2,343.2300000000001,171.61500000000004,1,219
170,3,1269.99,423.33,158,90
35,11,3568.0,324.3636363636364,150,258
197,1,439.03,439.03,29,0
34,6,2556.37,426.06166666666667,111,254
259,2,689.95,344.975,25,43
209,1,119.31,119.31,37,0
16,4,1857.35,464.3375,74,165
189,1,251.21,251.21,15,0
2,3,657.8,219.26666666666665,41,179
3,7,2423.62,346.2314285714286,64,293
49,4,1989.23,497.3075,93,240
86,2,521.88,260.94,19,119
80,3,1843.07,614.3566666666667,124,89
24,6,3337.7,556.2833333333333,91,224
35,2,641.13,320.565,36,71
86,2,616.15,308.07500000000005,14,76
205,1,108.5,108.5,7,0
164,1,406.48,406.48,21,0
302,2,256.44,128.22000000000003,8,0
37,1,150.44,150.44,17,0
114,7,1179.43,168.49,52,182
36,2,240.0,120.0,12,204
64,1,1214.81,1214.81,70,0
32,4,618.09,154.5225,75,188
16,8,1537.5,192.1875,73,272
15,5,1605.94,321.188,109,168
20,2,589.15,294.575,37,16
261,1,252.42000000000002,252.42000000000002,17,0
34,3,149.05,49.68333333333334,4,109
244,2,1628.12,814.06,72,39
3,1,145.67000000000002,145.67000000000002,7,0
287,1,351.3,351.3,25,0
71,1,599.68,599.68,38,0
284,1,193.64,193.64,17,0
37,2,1135.04,567.52,30,72
15,9,7155.5199999999995,795.0577777777778,24,278
213,1,549.26,549.26,15,0
254,1,155.93,155.93,12,0
8,23,11501.15,500.05,72,286
9,1,2020.52,2020.52,17,0
300,1,123.07,123.07,41,0
230,2,502.20000000000005,251.10000000000002,2,72
30,4,559.96,139.99,38,225
0,3,498.95,166.31666666666666,6,140
193,1,211.5,211.5,5,0
137,1,112.8,112.8,13,0
62,1,677.9,677.9,45,0
14,3,3189.81,1063.27,107,85
15,1,291.68,291.68,13,0
163,7,1254.47,179.21,220,130
204,1,298.0,298.0,7,0
80,2,735.66,367.83,11,105
231,1,470.36,470.36,17,0
128,1,159.56,159.56,8,0
260,1,1289.5,1289.5,5,0
56,2,1516.0,758.0,7,40
239,5,311.01,62.202,35,54
169,1,185.04999999999998,185.04999999999998,10,0
23,7,1411.23,201.6042857142857,38,237
144,1,354.8,354.8,57,0
15,6,1428.41,238.06833333333336,250,280
23,1,151.74,151.74,10,0
302,1,205.86,205.86,14,0
115,2,160.71,80.355,22,10
298,1,164.70000000000002,164.70000000000002,9,0
156,1,413.46,413.46,24,0
38,8,2769.4,346.17499999999995,34,259
70,9,2826.68,314.0755555555556,184,227
163,1,409.40000000000003,409.40000000000003,23,0
83,2,322.96,161.48,33,151
76,1,113.06,113.06,17,0
6,3,951.96,317.32,27,218
142,2,596.85,298.42499999999995,8,54
2,3,613.85,204.61666666666667,24,196
98,2,214.06,107.03,12,35
73,2,385.64,192.82,51,116
146,1,449.42,449.42,11,0
44,3,706.86,235.62,40,95
302,1,487.75,487.75,27,0
4,4,322.41,80.60249999999999,10,104
101,1,880.85,880.85,49,0
288,1,422.70000000000005,422.70000000000005,9,0
298,2,155.43,77.715,25,0
91,4,1209.77,302.4425,110,157
288,1,501.01,501.01,26,0
106,1,76.5,76.5,3,0
25,1,300.04,300.04,16,0
79,1,484.86,484.86,12,0
172,1,560.67,560.67,34,0
211,2,110.38000000000001,55.190000000000005,11,0
102,2,536.14,268.07,27,107
260,1,492.65000000000003,492.65000000000003,29,0
13,1,595.89,595.89,23,0
85,2,2149.05,1074.525,110,58
301,1,244.08,244.08,1,0
93,5,1815.09,363.01800000000003,51,198
2,2,921.88,460.94,23,186
65,3,1269.84,423.28000000000003,38,78
105,1,117.72999999999999,117.72999999999999,2,0
107,2,674.52,337.26,33,78
46,3,479.59,159.86333333333334,106,252
25,1,224.67,224.67,25,0
140,2,9864.26,4932.13,68,0
133,1,349.55,349.55,19,0
62,1,187.18,187.18,11,0
156,2,724.03,362.015,35,21
7,2,1013.04,506.52,38,20
226,1,122.39999999999999,122.39999999999999,1,0
14,9,13702.15,1522.461111111111,98,278
141,1,1637.43,1637.43,71,0
16,1,4314.72,4314.72,16,0
58,3,1948.75,649.5833333333334,66,158
4,2,1253.43,626.715,17,100
114,3,710.28,236.76,31,150
43,7,5207.02,743.86,320,247
7,5,2300.56,460.11199999999997,88,255
151,2,217.9,108.95,9,149
44,5,1899.3500000000001,379.87,39,253
6,5,5005.14,1001.028,191,279
203,1,101.34,101.34,7,0
57,1,114.77,114.77,18,0
55,1,100.21000000000001,100.21000000000001,7,0
241,2,580.0500000000001,290.025,20,20
130,1,257.7,257.7,9,0
37,3,1624.21,541.4033333333333,66,186
101,3,473.75,157.91666666666666,17,195
214,1,375.16999999999996,375.16999999999996,22,0
44,1,127.0,127.0,18,0
216,1,741.26,741.26,35,0
13,2,1586.95,793.4749999999999,86,177
6,2,1090.24,545.12,65,190
148,1,775.0,775.0,47,0
119,1,311.14,311.14,19,0
165,2,854.99,427.495,38,29
17,7,2195.65,313.6642857142857,76,200
79,3,2744.0299999999997,914.6766666666666,98,105
142,1,250.22,250.22,33,0
261,1,234.0,234.0,4,0
4,13,6282.1900000000005,483.24538461538464,154,208
14,1,202.9,202.9,23,0
16,1,483.39,483.39,28,0
94,2,387.68,193.84,56,9
9,2,810.5699999999999,405.28499999999997,44,116
49,1,252.1,252.1,5,0
7,15,5101.31,340.0873333333333,183,287
148,2,1693.45,846.725,107,43
291,1,122.7,122.7,22,0
203,1,223.95000000000002,223.95000000000002,13,0
9,2,490.86,245.43,15,291
14,14,3292.54,235.18142857142857,107,272
49,13,3679.9700000000003,283.0746153846154,134,245
48,4,1340.7,335.175,71,170
7,5,2282.98,456.596,114,211
294,1,249.86,249.86,17,0
27,3,2022.79,674.2633333333333,123,47
45,2,2791.59,1395.795,84,159
36,5,904.21,180.842,142,169
8,2,876.24,438.12,90,290
198,1,138.28,138.28,21,0
53,2,462.65999999999997,231.33,27,10
0,10,2219.39,221.93900000000002,79,245
108,2,488.12,244.06,70,69
237,1,381.32,381.32,23,0
13,21,10183.55,484.9309523809524,304,281
63,1,25.5,25.5,1,0
50,7,841.77,120.25285714285714,57,250
198,1,283.73,283.73,50,0
133,2,1589.82,794.9100000000001,58,112
133,2,216.5,108.25,3,97
21,3,1255.0,418.3333333333333,3,273
48,7,2772.37,396.05285714285714,95,252
189,2,969.0600000000001,484.53,51,104
36,6,2157.73,359.62166666666667,67,169
53,2,778.41,389.205,26,242
9,1,1273.77,1273.77,28,0
93,1,51.0,51.0,1,0
3,1,104.35,104.35,7,0
62,1,139.6,139.6,8,0
1,4,3465.42,866.355,71,161
9,5,6803.42,1360.684,30,285
49,1,285.68,285.68,18,0
0,1,957.97,957.97,45,0
56,3,982.42,327.47333333333336,27,174
102,3,814.6,271.53333333333336,70,69
203,1,232.6,232.6,11,0
41,3,659.73,219.91,98,261
240,1,364.6,364.6,14,0
106,1,302.46000000000004,302.46000000000004,10,0
185,1,400.53999999999996,400.53999999999996,25,0
67,2,562.9,281.45000000000005,106,41
8,11,1089.24,99.02181818181818,16,133
4,4,8516.77,2129.1925,237,202
44,5,2604.36,520.8720000000001,8,236
189,1,95.75999999999999,95.75999999999999,5,0
97,3,966.9699999999999,322.3233333333333,27,70
214,1,67.23,67.23,29,0
255,1,220.9,220.9,23,0
13,4,2730.38,682.595,64,70
231,7,781.02,111.57428571428571,110,69
174,1,394.44,394.44,20,0
111,1,72.0,72.0,8,0
56,3,1009.6,336.5333333333333,40,148
49,8,7548.12,943.515,252,163
59,6,1139.52,189.92,54,188
102,3,720.52,240.17333333333332,23,164
130,2,403.11,201.555,36,129
175,1,54.519999999999996,54.519999999999996,3,0
175,1,482.78999999999996,482.78999999999996,14,0
206,1,217.2,217.2,14,0
147,2,252.06,126.03,11,0
95,6,1061.13,176.85500000000002,177,196
123,3,1578.67,526.2233333333332,112,142
161,2,856.6,428.30000000000007,5,132
287,2,1660.9,830.45,19,13
244,1,218.45,218.45,11,0
38,3,1310.8600000000001,436.9533333333334,52,206
224,1,100.5,100.5,4,0
66,2,701.46,350.73,39,234
28,5,1697.3400000000001,339.468,8,66
10,7,3017.3,431.04285714285714,39,210
74,1,80.7,80.7,2,0
73,1,165.20000000000002,165.20000000000002,6,0
20,4,1250.3500000000001,312.5875,79,219
134,1,157.9,157.9,6,0
6,2,358.42,179.21,113,32
56,2,317.62,158.81,37,0
288,1,440.2,440.2,16,0
127,2,339.59,169.795,54,0
183,2,777.02,388.51,59,113
100,2,1082.52,541.26,60,104
97,3,388.5,129.5,10,34
21,2,657.07,328.53499999999997,30,55
29,1,194.7,194.7,63,0
0,1,518.42,518.42,24,0
111,1,272.41,272.41,44,0
41,2,655.51,327.755,27,105
164,1,178.41,178.41,31,0
27,3,493.36,164.45333333333335,87,84
38,5,4525.87,905.174,53,163
214,1,277.17,277.17,36,0
23,6,2298.31,383.05166666666673,59,169
25,4,906.34,226.58499999999998,49,203
80,2,282.59999999999997,141.3,11,165
34,5,9229.54,1845.9080000000001,111,170
212,1,897.8,897.8,61,0
140,1,334.54,334.54,40,0
121,4,517.53,129.3825,57,167
45,4,1281.79,320.4475,104,245
52,1,175.2,175.2,1,0
0,2,413.33,206.665,44,192
80,1,47.550000000000004,47.550000000000004,3,0
94,2,356.97999999999996,178.49,16,123
27,6,2479.71,413.285,327,257
42,1,453.01,453.01,26,0
130,1,143.1,143.1,6,0
246,1,452.84999999999997,452.84999999999997,26,0
76,9,1088.45,120.9388888888889,66,224
83,2,622.85,311.425,24,114
20,2,344.65999999999997,172.32999999999998,15,101
24,5,948.25,189.65,24,278
239,1,1063.0,1063.0,14,0
92,2,323.52,161.76,16,190
147,1,306.72,306.72,7,0
0,1,216.85,216.85,17,0
107,3,563.63,187.87666666666667,34,105
2,1,173.9,173.9,9,0
13,1,412.01000000000005,412.01000000000005,10,0
79,1,377.74,377.74,34,0
16,4,4137.6900000000005,1034.4225000000001,13,178
239,1,334.4,334.4,17,0
217,3,702.0,234.0,7,37
17,3,640.6,213.5333333333333,37,81
88,2,327.8,163.9,25,66
135,2,471.15000000000003,235.57500000000005,19,29
38,4,730.84,182.71,31,257
14,1,2033.1,2033.1,1,0
93,2,636.51,318.255,25,122
295,1,201.60000000000002,201.60000000000002,5,0
0,10,3376.05,337.605,75,295
37,7,1915.5900000000001,273.6557142857143,71,256
8,12,7470.26,622.5216666666666,13,284
17,6,1060.68,176.78,103,277
22,5,1921.69,384.338,86,196
13,2,806.14,403.07,46,175
280,1,128.7,128.7,9,0
198,1,76.32000000000001,76.32000000000001,1,0
93,1,550.57,550.57,58,0
2,6,5976.79,996.1316666666667,15,252
4,4,549.2,137.3,48,87
0,1,306.61,306.61,57,0
63,3,1130.0,376.6666666666667,174,132
121,3,1107.39,369.12999999999994,62,57
165,3,630.84,210.28,27,124
265,1,104.76,104.76,13,0
151,1,810.56,810.56,14,0
37,3,418.09999999999997,139.36666666666667,14,110
32,8,947.1400000000001,118.39250000000001,17,230
77,2,363.65,181.825,19,223
57,2,1132.12,566.06,49,26
53,1,316.38,316.38,6,0
231,1,197.94,197.94,14,0
132,1,814.95,814.95,26,0
4,9,1738.96,193.21777777777777,116,258
32,3,542.11,180.70333333333335,144,206
112,4,492.06,123.015,25,129
213,1,463.40999999999997,463.40999999999997,14,0
16,7,2147.57,306.7957142857143,45,279
140,1,101.4,101.4,8,0
56,4,816.47,204.1175,54,240
28,10,3656.58,365.658,89,268
53,4,537.25,134.3125,98,167
16,4,2591.92,647.98,139,279
111,2,612.82,306.40999999999997,28,50
24,3,560.14,186.71333333333334,111,275
66,3,1119.75,373.25,10,179
13,9,2219.46,246.60666666666668,28,287
78,8,1367.13,170.89125,49,219
17,7,1694.22,242.03142857142856,77,221
290,1,1121.92,1121.92,53,0
137,1,63.440000000000005,63.440000000000005,23,0
7,6,2843.49,473.91499999999996,87,287
85,2,446.87,223.435,79,212
18,6,1608.3400000000001,268.0566666666667,82,264
294,2,521.66,260.83,73,5
36,3,837.26,279.08666666666664,18,190
154,1,112.32,112.32,10,0
3,5,889.43,177.886,52,286
134,2,483.8,241.89999999999998,17,161
214,1,145.04999999999998,145.04999999999998,10,0
297,1,270.72,270.72,38,0
4,2,309.04,154.52,24,288
130,1,145.9,145.9,9,0
18,3,1097.13,365.71000000000004,96,241
35,1,284.55,284.55,2,0
10,6,2166.88,361.1466666666667,53,157
22,2,723.1,361.55,33,3
66,2,270.86,135.43,15,41
174,1,266.4,266.4,14,0
20,8,2793.49,349.18625,60,267
17,1,303.15999999999997,303.15999999999997,53,0
112,3,703.22,234.40666666666667,22,97
97,7,1315.65,187.95000000000002,70,150
99,1,237.61,237.61,12,0
107,2,1238.47,619.235,56,102
17,1,331.14,331.14,18,0
108,2,350.39,175.195,43,85
196,1,1017.68,1017.68,51,0
18,3,801.72,267.24,3,262
8,5,926.49,185.298,109,287
241,1,494.64,494.64,28,0
146,1,59.9,59.9,4,0
301,34,5391.21,158.565,21,1
49,12,1363.51,113.62583333333333,79,244
48,1,138.32,138.32,7,0
134,2,412.78000000000003,206.39,26,78
21,6,1843.36,307.22666666666663,42,175
15,4,2106.84,526.71,23,187
37,1,241.09,241.09,12,0
120,1,65.38,65.38,5,0
235,4,3734.9700000000003,933.7425000000001,142,63
8,5,2041.81,408.362,106,275
24,3,726.23,242.07666666666668,28,165
102,1,178.51999999999998,178.51999999999998,6,0
10,1,1043.1,1043.1,14,0
302,1,313.49,313.49,69,0
188,1,171.8,171.8,18,0
130,1,180.94,180.94,24,0
84,1,142.1,142.1,26,0
198,3,855.02,285.00666666666666,37,88
205,1,237.36,237.36,19,0
24,17,11441.94,673.0552941176471,254,270
0,1,451.44,451.44,28,0
97,2,2242.01,1121.005,92,74
15,8,2773.66,346.7075,55,241
174,1,129.45,129.45,5,0
10,1,228.06,228.06,14,0
16,17,5780.39,340.02294117647057,114,281
36,21,4371.53,208.16809523809522,101,250
51,2,804.02,402.01,39,63
177,1,297.94,297.94,15,0
7,1,1295.43,1295.43,84,0
69,3,909.87,303.29,9,217
9,11,1774.68,161.33454545454546,4,288
234,1,155.05,155.05,11,0
259,1,201.19,201.19,13,0
8,10,4773.01,477.30100000000004,92,294
3,12,10160.77,846.7308333333334,105,284
58,8,2856.71,357.08875,33,244
0,1,237.04000000000002,237.04000000000002,12,0
24,6,2895.0099999999998,482.5016666666667,119,193
50,8,1891.9,236.4875,40,180
7,6,1846.19,307.6983333333333,94,231
147,2,5307.82,2653.91,162,106
85,3,1002.91,334.30333333333334,45,201
95,3,550.0,183.33333333333334,113,97
63,1,196.88,196.88,28,0
36,3,587.28,195.76,32,93
48,2,605.63,302.815,38,98
165,1,229.59,229.59,59,0
3,6,1497.75,249.625,91,293
290,1,250.04,250.04,53,0
0,3,1796.48,598.8266666666667,100,145
56,4,740.9399999999999,185.23499999999999,34,232
11,1,305.07,305.07,14,0
28,2,465.95000000000005,232.97500000000002,20,140
29,12,8027.5,668.9583333333334,246,266
252,2,97.7,48.85,6,0
259,1,155.17,155.17,9,0
64,2,752.6,376.29999999999995,38,25
191,2,693.93,346.96500000000003,173,48
28,6,1109.02,184.83666666666667,92,89
161,1,180.1,180.1,11,0
7,12,3034.0099999999998,252.83416666666665,66,253
95,1,95.19999999999999,95.19999999999999,5,0
137,3,799.7,266.56666666666666,40,80
20,3,6395.23,2131.7433333333333,151,282
86,7,2212.81,316.11571428571426,103,201
121,1,139.35,139.35,19,0
137,2,368.18,184.09,52,130
88,1,462.19,462.19,55,0
140,1,416.32,416.32,59,0
1,76,9989.91,131.44618421052633,730,300
18,1,252.73000000000002,252.73000000000002,26,0
140,2,271.24,135.62,17,105
64,4,1429.84,357.46000000000004,26,174
77,2,603.37,301.685,104,220
7,1,618.44,618.44,28,0
297,1,252.8,252.8,49,0
293,1,182.25,182.25,28,0
11,17,6832.81,401.93,435,287
210,1,348.2,348.2,14,0
60,9,1463.66,162.6288888888889,75,174
10,26,4347.25,167.20192307692307,84,276
90,2,1145.84,572.9200000000001,48,44
34,5,1773.8,354.76,89,259
123,1,582.73,582.73,30,0
197,1,704.5,704.5,33,0
142,1,426.6,426.6,16,0
99,3,629.45,209.8166666666667,29,35
64,2,4516.8,2258.4,2,202
6,20,4435.33,221.7665,379,292
0,1,560.4100000000001,560.4100000000001,24,0
295,1,129.75,129.75,3,0
106,1,143.3,143.3,9,0
280,1,300.42,300.42,21,0
102,2,513.7,256.85,21,72
27,2,1392.8400000000001,696.4200000000001,41,29
191,1,200.16,200.16,44,0
239,1,349.27,349.27,21,0
27,1,267.8,267.8,18,0
81,5,1004.75,200.95,187,210
25,1,359.25,359.25,40,0
116,2,275.28,137.64,19,44
169,1,110.25,110.25,6,0
38,4,1659.75,414.9375,4,264
125,1,3096.0,3096.0,1,0
126,4,1763.04,440.76,80,52
7,1,460.41,460.41,23,0
78,7,1176.01,168.00142857142856,201,163
57,1,275.88,275.88,15,0
13,8,3918.96,489.87,111,280
24,2,913.19,456.595,29,158
263,1,97.5,97.5,7,0
10,9,901.1999999999999,100.13333333333333,41,276
65,1,210.0,210.0,10,0
252,1,115.8,115.8,22,0
36,1,213.55,213.55,17,0
8,1,194.37,194.37,14,0
21,6,2925.45,487.575,83,279
72,8,18870.12,2358.765,424,227
241,1,218.52,218.52,71,0
3,18,6734.86,374.1588888888889,280,291
13,8,4905.87,613.23375,180,285
43,1,85.13000000000001,85.13000000000001,29,0
1,5,2867.2,573.44,144,246
1,3,903.3,301.09999999999997,95,140
90,4,4341.21,1085.3025,154,195
49,8,2309.92,288.74,143,234
55,5,2129.96,425.992,175,226
190,1,456.9,456.9,21,0
146,12,2247.51,187.29250000000002,132,155
25,9,7849.98,872.2199999999999,271,273
17,2,4481.35,2240.675,354,41
294,1,103.7,103.7,5,0
21,8,1651.26,206.4075,138,234
209,1,387.31,387.31,22,0
3,9,1794.76,199.4177777777778,97,237
69,4,1874.7,468.675,24,119
21,1,91.32000000000001,91.32000000000001,2,0
7,10,8680.5,868.05,80,274
57,2,1081.75,540.875,13,224
116,2,684.85,342.425,75,39
28,1,118.80000000000001,118.80000000000001,1,0
42,1,371.56,371.56,76,0
15,1,336.31,336.31,29,0
99,2,429.87,214.935,70,71
25,10,1786.14,178.614,273,273
240,6,319.5,53.25,12,61
8,5,1413.14,282.62800000000004,30,153
193,1,222.9,222.9,14,0
301,1,35.400000000000006,35.400000000000006,1,0
168,1,224.73,224.73,19,0
3,19,7140.31,375.8057894736842,287,294
228,1,436.18,436.18,38,0
38,1,137.22,137.22,9,0
53,2,451.11,225.555,22,199
71,1,329.65,329.65,9,0
7,1,317.76,317.76,15,0
140,1,582.59,582.59,27,0
3,2,388.23,194.115,25,251
189,1,775.85,775.85,42,0
297,1,427.74,427.74,50,0
83,2,1505.37,752.6850000000001,89,203
2,3,613.36,204.4533333333333,29,39
17,2,603.85,301.925,29,124
4,1,318.0,318.0,10,0
287,2,290.40000000000003,145.2,18,10
79,4,1116.38,279.095,46,152
66,5,2947.98,589.596,40,234
34,19,7367.85,387.7815789473684,153,253
171,4,1583.81,395.9525,140,122
0,3,668.4300000000001,222.81000000000003,34,145
293,1,311.95,311.95,14,0
56,1,511.03,511.03,34,0
21,5,1931.04,386.20799999999997,231,216
161,1,225.15,225.15,13,0
168,1,1266.23,1266.23,74,0
18,2,724.76,362.38,20,192
130,1,152.34,152.34,9,0
0,4,836.33,209.08249999999998,38,261
108,1,491.71000000000004,491.71000000000004,32,0
0,2,1569.98,784.99,160,114
296,1,156.19,156.19,16,0
286,1,316.58,316.58,9,0
20,22,4258.92,193.58727272727273,107,281
300,1,110.35000000000001,110.35000000000001,34,0
118,1,319.02,319.02,21,0
126,3,1448.21,482.7366666666667,85,86
0,12,9724.18,810.3483333333334,65,240
297,1,76.32000000000001,76.32000000000001,1,0
14,2,653.24,326.62,37,42
8,2,364.88,182.44,15,207
133,2,657.35,328.675,23,62
38,2,167.61,83.805,16,0
